*FORCE_LENGTH,1,1,,,,,,,,,,,,,,,,,,,,,,,,,,,,,,,,,,,
13,,,,,,,,,,,,,,,,,,,,,,,,,,,,,,,,,,,,,
*SENSE_LENGTH,1,1,,,,,,,,,,,,,,,,,,,,,,,,,,,,,,,,,,,
38,,,,,,,,,,,,,,,,,,,,,,,,,,,,,,,,,,,,,
*KEY_LENGTH,1,1,,,,,,,,,,,,,,,,,,,,,,,,,,,,,,,,,,,
0,,,,,,,,,,,,,,,,,,,,,,,,,,,,,,,,,,,,,
*SSKEY_LENGTH,1,1,,,,,,,,,,,,,,,,,,,,,,,,,,,,,,,,,,,
0,,,,,,,,,,,,,,,,,,,,,,,,,,,,,,,,,,,,,
*EN_LP_TIMER_CALIBRATION,1,1,,,,,,,,,,,,,,,,,,,,,,,,,,,,,,,,,,,
1,,,,,,,,,,,,,,,,,,,,,,,,,,,,,,,,,,,,,
*EN_MUTUAL_AUTOTUNE,1,1,,,,,,,,,,,,,,,,,,,,,,,,,,,,,,,,,,,
1,,,,,,,,,,,,,,,,,,,,,,,,,,,,,,,,,,,,,
*EN_SELF_AUTOTUNE,1,1,,,,,,,,,,,,,,,,,,,,,,,,,,,,,,,,,,,
1,,,,,,,,,,,,,,,,,,,,,,,,,,,,,,,,,,,,,
*EN_SAVE_CX,1,1,,,,,,,,,,,,,,,,,,,,,,,,,,,,,,,,,,,
1,,,,,,,,,,,,,,,,,,,,,,,,,,,,,,,,,,,,,
*CX1_W,1,1,,,,,,,,,,,,,,,,,,,,,,,,,,,,,,,,,,,
8,,,,,,,,,,,,,,,,,,,,,,,,,,,,,,,,,,,,,
*CX2_W,1,1,,,,,,,,,,,,,,,,,,,,,,,,,,,,,,,,,,,
1,,,,,,,,,,,,,,,,,,,,,,,,,,,,,,,,,,,,,
*IX1_FORCE_W,1,1,,,,,,,,,,,,,,,,,,,,,,,,,,,,,,,,,,,
2,,,,,,,,,,,,,,,,,,,,,,,,,,,,,,,,,,,,,
*IX2_FORCE_W,1,1,,,,,,,,,,,,,,,,,,,,,,,,,,,,,,,,,,,
1,,,,,,,,,,,,,,,,,,,,,,,,,,,,,,,,,,,,,
*IX1_SENSE_W,1,1,,,,,,,,,,,,,,,,,,,,,,,,,,,,,,,,,,,
2,,,,,,,,,,,,,,,,,,,,,,,,,,,,,,,,,,,,,
*IX2_SENSE_W,1,1,,,,,,,,,,,,,,,,,,,,,,,,,,,,,,,,,,,
1,,,,,,,,,,,,,,,,,,,,,,,,,,,,,,,,,,,,,
*MS_RAW_DATA_MIN_MAX,1,2,,,,,,,,,,,,,,,,,,,,,,,,,,,,,,,,,,,
-7000,7000,,,,,,,,,,,,,,,,,,,,,,,,,,,,,,,,,,,,
*MS_RAW_DATA_EACH_MIN,13,38,,,,,,,,,,,,,,,,,,,,,,,,,,,,,,,,,,,
-7000,-2000,-2000,-2000,-2000,-2000,-2000,-2000,-2000,-2000,-2000,-2000,-2000,-2000,-2000,-2000,-2000,-2000,-2000,-2000,-2000,-2000,-2000,-2000,-2000,-2000,-2000,-2000,-2000,-2000,-2000,-2000,-2000,-2000,-2000,-2000,-2000,-2000
-7000,-2000,-2000,-2000,-2000,-2000,-2000,-2000,-2000,-2000,-2000,-2000,-2000,-2000,-2000,-2000,-2000,-2000,-2000,-2000,-2000,-2000,-2000,-2000,-2000,-2000,-2000,-2000,-2000,-2000,-2000,-2000,-2000,-2000,-2000,-2000,-2000,-2000
-7000,-2000,-2000,-2000,-2000,-2000,-2000,-2000,-2000,-2000,-2000,-2000,-2000,-2000,-2000,-2000,-2000,-2000,-2000,-2000,-2000,-2000,-2000,-2000,-2000,-2000,-2000,-2000,-2000,-2000,-2000,-2000,-2000,-2000,-2000,-2000,-2000,-2000
-7000,-2000,-2000,-2000,-2000,-2000,-2000,-2000,-2000,-2000,-2000,-2000,-2000,-2000,-2000,-2000,-2000,-2000,-2000,-2000,-2000,-2000,-2000,-2000,-2000,-2000,-2000,-2000,-2000,-2000,-2000,-2000,-2000,-2000,-2000,-2000,-2000,-2000
-7000,-2000,-2000,-2000,-2000,-2000,-2000,-2000,-2000,-2000,-2000,-2000,-2000,-2000,-2000,-2000,-2000,-2000,-2000,-2000,-2000,-2000,-2000,-2000,-2000,-2000,-2000,-2000,-2000,-2000,-2000,-2000,-2000,-2000,-2000,-2000,-2000,-2000
-7000,-2000,-2000,-2000,-2000,-2000,-2000,-2000,-2000,-2000,-2000,-2000,-2000,-2000,-2000,-2000,-2000,-2000,-2000,-2000,-2000,-2000,-2000,-2000,-2000,-2000,-2000,-2000,-2000,-2000,-2000,-2000,-2000,-2000,-2000,-2000,-2000,-2000
-7000,-2000,-2000,-2000,-2000,-2000,-2000,-2000,-2000,-2000,-2000,-2000,-2000,-2000,-2000,-2000,-2000,-2000,-2000,-2000,-2000,-2000,-2000,-2000,-2000,-2000,-2000,-2000,-2000,-2000,-2000,-2000,-2000,-2000,-2000,-2000,-2000,-2000
-7000,-2000,-2000,-2000,-2000,-2000,-2000,-2000,-2000,-2000,-2000,-2000,-2000,-2000,-2000,-2000,-2000,-2000,-2000,-2000,-2000,-2000,-2000,-2000,-2000,-2000,-2000,-2000,-2000,-2000,-2000,-2000,-2000,-2000,-2000,-2000,-2000,-2000
-7000,-2000,-2000,-2000,-2000,-2000,-2000,-2000,-2000,-2000,-2000,-2000,-2000,-2000,-2000,-2000,-2000,-2000,-2000,-2000,-2000,-2000,-2000,-2000,-2000,-2000,-2000,-2000,-2000,-2000,-2000,-2000,-2000,-2000,-2000,-2000,-2000,-2000
-7000,-2000,-2000,-2000,-2000,-2000,-2000,-2000,-2000,-2000,-2000,-2000,-2000,-2000,-2000,-2000,-2000,-2000,-2000,-2000,-2000,-2000,-2000,-2000,-2000,-2000,-2000,-2000,-2000,-2000,-2000,-2000,-2000,-2000,-2000,-2000,-2000,-2000
-7000,-2000,-2000,-2000,-2000,-2000,-2000,-2000,-2000,-2000,-2000,-2000,-2000,-2000,-2000,-2000,-2000,-2000,-2000,-2000,-2000,-2000,-2000,-2000,-2000,-2000,-2000,-2000,-2000,-2000,-2000,-2000,-2000,-2000,-2000,-2000,-2000,-2000
-7000,-2000,-2000,-2000,-2000,-2000,-2000,-2000,-2000,-2000,-2000,-2000,-2000,-2000,-2000,-2000,-2000,-2000,-2000,-2000,-2000,-2000,-2000,-2000,-2000,-2000,-2000,-2000,-2000,-2000,-2000,-2000,-2000,-2000,-2000,-2000,-2000,-2000
-7000,-2000,-2000,-2000,-2000,-2000,-2000,-2000,-2000,-2000,-2000,-2000,-2000,-2000,-2000,-2000,-2000,-2000,-2000,-2000,-2000,-2000,-2000,-2000,-2000,-2000,-2000,-2000,-2000,-2000,-2000,-2000,-2000,-2000,-2000,-2000,-2000,-2000
*MS_RAW_DATA_EACH_MAX,13,38,,,,,,,,,,,,,,,,,,,,,,,,,,,,,,,,,,,
7000,2000,2000,2000,2000,2000,2000,2000,2000,2000,2000,2000,2000,2000,2000,2000,2000,2000,2000,2000,2000,2000,2000,2000,2000,2000,2000,2000,2000,2000,2000,2000,2000,2000,2000,2000,2000,2000
7000,2000,2000,2000,2000,2000,2000,2000,2000,2000,2000,2000,2000,2000,2000,2000,2000,2000,2000,2000,2000,2000,2000,2000,2000,2000,2000,2000,2000,2000,2000,2000,2000,2000,2000,2000,2000,2000
7000,2000,2000,2000,2000,2000,2000,2000,2000,2000,2000,2000,2000,2000,2000,2000,2000,2000,2000,2000,2000,2000,2000,2000,2000,2000,2000,2000,2000,2000,2000,2000,2000,2000,2000,2000,2000,2000
7000,2000,2000,2000,2000,2000,2000,2000,2000,2000,2000,2000,2000,2000,2000,2000,2000,2000,2000,2000,2000,2000,2000,2000,2000,2000,2000,2000,2000,2000,2000,2000,2000,2000,2000,2000,2000,2000
7000,2000,2000,2000,2000,2000,2000,2000,2000,2000,2000,2000,2000,2000,2000,2000,2000,2000,2000,2000,2000,2000,2000,2000,2000,2000,2000,2000,2000,2000,2000,2000,2000,2000,2000,2000,2000,2000
7000,2000,2000,2000,2000,2000,2000,2000,2000,2000,2000,2000,2000,2000,2000,2000,2000,2000,2000,2000,2000,2000,2000,2000,2000,2000,2000,2000,2000,2000,2000,2000,2000,2000,2000,2000,2000,2000
7000,2000,2000,2000,2000,2000,2000,2000,2000,2000,2000,2000,2000,2000,2000,2000,2000,2000,2000,2000,2000,2000,2000,2000,2000,2000,2000,2000,2000,2000,2000,2000,2000,2000,2000,2000,2000,2000
7000,2000,2000,2000,2000,2000,2000,2000,2000,2000,2000,2000,2000,2000,2000,2000,2000,2000,2000,2000,2000,2000,2000,2000,2000,2000,2000,2000,2000,2000,2000,2000,2000,2000,2000,2000,2000,2000
7000,2000,2000,2000,2000,2000,2000,2000,2000,2000,2000,2000,2000,2000,2000,2000,2000,2000,2000,2000,2000,2000,2000,2000,2000,2000,2000,2000,2000,2000,2000,2000,2000,2000,2000,2000,2000,2000
7000,2000,2000,2000,2000,2000,2000,2000,2000,2000,2000,2000,2000,2000,2000,2000,2000,2000,2000,2000,2000,2000,2000,2000,2000,2000,2000,2000,2000,2000,2000,2000,2000,2000,2000,2000,2000,2000
7000,2000,2000,2000,2000,2000,2000,2000,2000,2000,2000,2000,2000,2000,2000,2000,2000,2000,2000,2000,2000,2000,2000,2000,2000,2000,2000,2000,2000,2000,2000,2000,2000,2000,2000,2000,2000,2000
7000,2000,2000,2000,2000,2000,2000,2000,2000,2000,2000,2000,2000,2000,2000,2000,2000,2000,2000,2000,2000,2000,2000,2000,2000,2000,2000,2000,2000,2000,2000,2000,2000,2000,2000,2000,2000,2000
7000,2000,2000,2000,2000,2000,2000,2000,2000,2000,2000,2000,2000,2000,2000,2000,2000,2000,2000,2000,2000,2000,2000,2000,2000,2000,2000,2000,2000,2000,2000,2000,2000,2000,2000,2000,2000,2000
*MS_RAW_ITO_DATA_ADJ_HORIZONTAL,13,37,,,,,,,,,,,,,,,,,,,,,,,,,,,,,,,,,,,
1274,1274,550,550,550,550,550,550,550,550,550,550,550,550,550,550,550,550,1092,550,550,550,550,550,550,550,550,550,550,550,550,550,550,550,550,550,1200,
1274,1274,550,550,550,550,550,550,550,550,550,550,550,550,550,550,550,550,550,550,550,550,550,550,550,550,550,550,550,550,550,550,550,550,550,550,1200,
1200,550,550,550,550,550,550,550,550,550,550,550,550,550,550,550,550,550,550,550,550,550,550,550,550,550,550,550,550,550,550,550,550,550,550,550,1200,
1200,550,550,550,550,550,550,550,550,550,550,550,550,550,550,550,550,550,550,550,550,550,550,550,550,550,550,550,550,550,550,550,550,550,550,550,1200,
1200,550,550,550,550,550,550,550,550,550,550,550,550,550,550,550,550,550,550,550,550,550,550,550,550,550,550,550,550,550,550,550,550,550,550,550,1200,
1200,550,550,550,550,550,550,550,550,550,550,550,550,550,550,550,550,550,550,550,550,550,550,550,550,550,550,550,550,550,550,550,550,550,550,550,1200,
1200,550,550,550,550,550,550,550,550,550,550,550,550,550,550,550,550,550,550,550,550,550,550,550,550,550,550,550,550,550,550,550,550,550,550,550,1200,
1200,550,550,550,550,550,550,550,550,550,550,550,550,550,550,550,550,550,550,550,550,550,550,550,550,550,550,550,550,550,550,550,550,550,550,550,1200,
1200,550,550,550,550,550,550,550,550,550,550,550,550,550,550,550,550,550,550,550,550,550,550,550,550,550,550,550,550,550,550,550,550,550,550,550,1200,
1200,550,550,550,550,550,550,550,550,550,550,550,550,550,550,550,550,550,550,550,550,550,550,550,550,550,550,550,550,550,550,550,550,550,550,550,1200,
1200,550,550,550,550,550,550,550,550,550,550,550,550,550,550,550,550,550,550,550,550,550,550,550,550,550,550,550,550,550,550,550,550,550,550,550,1200,
1200,550,550,550,550,550,550,550,550,550,550,550,550,550,550,550,550,550,550,550,550,550,550,550,550,550,550,550,550,550,550,550,550,550,550,550,1200,
1200,550,550,550,550,550,550,550,550,550,550,550,550,550,550,550,550,550,1092,550,550,550,550,550,550,550,550,550,550,550,550,550,550,550,550,550,1200,
*MS_RAW_ITO_DATA_ADJ_VERTICAL,12,38,,,,,,,,,,,,,,,,,,,,,,,,,,,,,,,,,,,
1638,1638,1200,1200,1200,1200,1200,1200,1200,1200,1200,1200,1200,1200,1200,1200,1200,1200,1200,1200,1200,1200,1200,1200,1200,1200,1200,1200,1200,1200,1200,1200,1200,1200,1200,1200,1200,1200
1638,1638,550,550,550,550,550,550,550,550,550,550,550,550,550,550,550,550,550,550,550,550,550,550,550,550,550,550,550,550,550,550,550,550,550,550,550,1200
550,550,550,550,550,550,550,550,550,550,550,550,550,550,550,550,550,550,550,550,550,550,550,550,550,550,550,550,550,550,550,550,550,550,550,550,550,550
550,550,550,550,550,550,550,550,550,550,550,550,550,550,550,550,550,550,550,550,550,550,550,550,550,550,550,550,550,550,550,550,550,550,550,550,550,550
550,550,550,550,550,550,550,550,550,550,550,550,550,550,550,550,550,550,550,550,550,550,550,550,550,550,550,550,550,550,550,550,550,550,550,550,550,550
550,550,550,550,550,550,550,550,550,550,550,550,550,550,550,550,550,550,550,550,550,550,550,550,550,550,550,550,550,550,550,550,550,550,550,550,550,550
550,550,550,550,550,550,550,550,550,550,550,550,550,550,550,550,550,550,550,550,550,550,550,550,550,550,550,550,550,550,550,550,550,550,550,550,550,550
550,550,550,550,550,550,550,550,550,550,550,550,550,550,550,550,550,550,550,550,550,550,550,550,550,550,550,550,550,550,550,550,550,550,550,550,550,550
550,550,550,550,550,550,550,550,550,550,550,550,550,550,550,550,550,550,550,550,550,550,550,550,550,550,550,550,550,550,550,550,550,550,550,550,550,550
550,550,550,550,550,550,550,550,550,550,550,550,550,550,550,550,550,550,550,550,550,550,550,550,550,550,550,550,550,550,550,550,550,550,550,550,550,550
550,550,550,550,550,550,550,550,550,550,550,550,550,550,550,550,550,550,550,550,550,550,550,550,550,550,550,550,550,550,550,550,550,550,550,550,550,550
1200,1200,1200,1200,1200,1200,1200,1200,1200,1200,1200,1200,1200,1200,1200,1200,1200,1200,1200,1200,1200,1200,1200,1200,1200,1200,1200,1200,1200,1200,1200,1200,1200,1200,1200,1200,1200,1200
*MS_TOUCH_LOWPOWER_CX2_MIN,13,38,,,,,,,,,,,,,,,,,,,,,,,,,,,,,,,,,,,
11,12,15,15,15,15,15,15,15,15,15,15,15,15,15,15,15,15,15,15,15,15,15,15,15,15,15,15,15,14,14,14,14,14,14,14,14,15
12,12,16,16,16,16,16,16,16,16,16,16,16,16,16,16,16,16,16,16,16,16,15,15,15,15,15,15,15,15,15,15,15,15,15,15,15,15
18,16,16,16,16,16,16,16,16,16,16,16,16,16,16,16,16,16,16,16,16,16,15,15,15,15,15,15,15,15,15,15,15,15,15,15,15,15
18,16,16,16,16,16,16,16,16,16,16,16,16,16,16,16,16,16,16,16,16,16,15,15,15,15,15,15,15,15,15,15,15,15,15,15,15,15
18,16,16,16,16,16,16,16,16,16,16,16,16,16,16,16,16,16,16,16,16,16,16,15,15,15,15,15,15,15,15,15,15,15,15,15,15,15
18,16,16,16,16,16,16,16,16,16,16,16,16,16,16,16,16,16,16,16,16,16,16,15,15,15,15,15,15,15,15,15,15,15,15,15,15,15
18,16,16,16,16,16,16,16,16,16,16,16,16,16,16,16,16,16,16,16,16,16,16,15,15,15,15,15,15,15,15,15,15,15,15,15,15,15
18,16,16,16,16,16,16,16,16,16,16,16,16,16,16,16,16,16,16,16,16,16,16,15,15,15,15,15,15,15,15,15,15,15,15,15,15,15
18,16,16,16,16,16,16,16,16,16,16,16,16,16,16,16,16,16,16,16,16,16,15,15,15,15,15,15,15,15,15,15,15,15,15,15,15,15
18,16,16,16,16,16,16,16,16,16,16,16,16,16,16,16,16,16,16,16,16,16,15,15,15,15,15,15,15,15,15,15,15,15,15,15,15,15
18,16,16,16,16,16,16,16,16,16,16,16,16,16,16,16,16,16,16,16,16,16,15,15,15,15,15,15,15,15,15,15,15,15,15,15,15,15
18,16,16,16,16,16,16,16,16,16,16,16,16,16,16,16,16,16,16,16,16,16,15,15,15,15,15,15,15,15,15,15,15,15,15,15,15,15
16,16,16,16,16,16,16,16,16,16,16,16,16,16,16,16,16,16,16,15,15,15,15,15,15,15,15,15,15,15,15,15,15,14,14,14,14,14
*MS_TOUCH_LOWPOWER_CX2_MAX,13,38,,,,,,,,,,,,,,,,,,,,,,,,,,,,,,,,,,,
31,34,34,34,34,34,34,34,34,34,34,34,34,34,34,34,34,34,34,36,35,35,35,35,35,34,34,34,34,34,34,34,33,33,33,33,34,37
34,34,37,37,37,37,37,37,37,37,37,37,37,37,37,37,37,37,36,37,37,36,36,36,36,36,36,36,35,35,35,35,35,35,35,35,35,40
42,38,37,37,37,37,37,37,37,37,37,37,37,37,37,37,37,37,37,37,37,36,36,36,36,36,36,36,35,35,35,35,35,35,35,35,35,38
42,37,37,37,37,37,37,37,37,37,37,37,37,37,37,37,37,37,37,37,37,36,36,36,36,36,36,36,36,35,35,35,35,35,35,35,35,38
42,37,37,37,37,37,37,37,37,37,37,37,37,37,37,37,37,37,37,37,37,36,36,36,36,36,36,36,36,35,35,35,35,35,35,35,35,39
42,38,37,37,37,37,37,37,37,37,37,37,37,37,37,37,37,37,37,37,37,36,36,36,36,36,36,36,36,35,35,35,35,35,35,35,35,39
42,38,37,37,37,37,37,37,37,37,37,37,37,37,37,37,37,37,37,37,37,36,36,36,36,36,36,36,36,35,35,35,35,35,35,35,35,40
42,38,37,37,37,37,37,37,37,37,37,37,37,37,37,37,37,37,37,37,37,36,36,36,36,36,36,36,35,35,35,35,35,35,35,35,35,39
42,38,37,37,37,37,37,37,37,37,37,37,37,37,37,37,37,37,37,37,37,36,36,36,36,36,36,36,35,35,35,35,35,35,35,35,35,39
42,38,38,37,37,37,37,37,37,37,37,37,37,37,37,37,37,37,37,37,37,36,36,36,36,36,36,36,35,35,35,35,35,35,35,35,35,38
42,38,38,37,37,37,37,37,37,37,37,37,37,37,37,37,37,37,37,37,37,36,36,36,36,36,36,36,35,35,35,35,35,35,35,35,35,38
42,38,38,37,37,37,37,37,37,37,37,37,37,37,37,37,37,37,37,37,36,36,36,36,36,36,36,36,35,35,35,35,35,35,35,35,35,38
40,38,38,38,38,37,37,37,37,37,37,37,37,37,37,37,37,37,38,35,35,35,35,35,34,34,34,34,34,34,34,34,34,34,34,34,34,35
*MS_TOUCH_LOWPOWER_CX2_ADJ_HORIZONTAL,13,37,,,,,,,,,,,,,,,,,,,,,,,,,,,,,,,,,,,
10,10,5,5,5,5,5,5,5,5,5,5,5,5,5,5,5,5,5,5,5,5,5,5,5,5,5,5,5,5,5,5,5,5,5,5,9,
10,10,5,5,5,5,5,5,5,5,5,5,5,5,5,5,5,5,5,5,5,5,5,5,5,5,5,5,5,5,5,5,5,5,5,5,9,
9,5,5,5,5,5,5,5,5,5,5,5,5,5,5,5,5,5,5,5,5,5,5,5,5,5,5,5,5,5,5,5,5,5,5,5,9,
9,5,5,5,5,5,5,5,5,5,5,5,5,5,5,5,5,5,5,5,5,5,5,5,5,5,5,5,5,5,5,5,5,5,5,5,9,
9,5,5,5,5,5,5,5,5,5,5,5,5,5,5,5,5,5,5,5,5,5,5,5,5,5,5,5,5,5,5,5,5,5,5,5,9,
9,5,5,5,5,5,5,5,5,5,5,5,5,5,5,5,5,5,5,5,5,5,5,5,5,5,5,5,5,5,5,5,5,5,5,5,9,
9,5,5,5,5,5,5,5,5,5,5,5,5,5,5,5,5,5,5,5,5,5,5,5,5,5,5,5,5,5,5,5,5,5,5,5,9,
9,5,5,5,5,5,5,5,5,5,5,5,5,5,5,5,5,5,5,5,5,5,5,5,5,5,5,5,5,5,5,5,5,5,5,5,9,
9,5,5,5,5,5,5,5,5,5,5,5,5,5,5,5,5,5,5,5,5,5,5,5,5,5,5,5,5,5,5,5,5,5,5,5,9,
9,5,5,5,5,5,5,5,5,5,5,5,5,5,5,5,5,5,5,5,5,5,5,5,5,5,5,5,5,5,5,5,5,5,5,5,9,
9,5,5,5,5,5,5,5,5,5,5,5,5,5,5,5,5,5,5,5,5,5,5,5,5,5,5,5,5,5,5,5,5,5,5,5,9,
9,5,5,5,5,5,5,5,5,5,5,5,5,5,5,5,5,5,5,5,5,5,5,5,5,5,5,5,5,5,5,5,5,5,5,5,9,
9,5,5,5,5,5,5,5,5,5,5,5,5,5,5,5,5,5,5,5,5,5,5,5,5,5,5,5,5,5,5,5,5,5,5,5,9,
*MS_TOUCH_LOWPOWER_CX2_ADJ_VERTICAL,12,38,,,,,,,,,,,,,,,,,,,,,,,,,,,,,,,,,,,
12,12,9,9,9,9,9,9,9,9,9,9,9,9,9,9,9,9,9,9,9,9,9,9,9,9,9,9,9,9,9,9,9,9,9,9,9,9
12,12,5,5,5,5,5,5,5,5,5,5,5,5,5,5,5,5,5,5,5,5,5,5,5,5,5,5,5,5,5,5,5,5,5,5,5,9
5,5,5,5,5,5,5,5,5,5,5,5,5,5,5,5,5,5,5,5,5,5,5,5,5,5,5,5,5,5,5,5,5,5,5,5,5,5
5,5,5,5,5,5,5,5,5,5,5,5,5,5,5,5,5,5,5,5,5,5,5,5,5,5,5,5,5,5,5,5,5,5,5,5,5,5
5,5,5,5,5,5,5,5,5,5,5,5,5,5,5,5,5,5,5,5,5,5,5,5,5,5,5,5,5,5,5,5,5,5,5,5,5,5
5,5,5,5,5,5,5,5,5,5,5,5,5,5,5,5,5,5,5,5,5,5,5,5,5,5,5,5,5,5,5,5,5,5,5,5,5,5
5,5,5,5,5,5,5,5,5,5,5,5,5,5,5,5,5,5,5,5,5,5,5,5,5,5,5,5,5,5,5,5,5,5,5,5,5,5
5,5,5,5,5,5,5,5,5,5,5,5,5,5,5,5,5,5,5,5,5,5,5,5,5,5,5,5,5,5,5,5,5,5,5,5,5,5
5,5,5,5,5,5,5,5,5,5,5,5,5,5,5,5,5,5,5,5,5,5,5,5,5,5,5,5,5,5,5,5,5,5,5,5,5,5
5,5,5,5,5,5,5,5,5,5,5,5,5,5,5,5,5,5,5,5,5,5,5,5,5,5,5,5,5,5,5,5,5,5,5,5,5,5
5,5,5,5,5,5,5,5,5,5,5,5,5,5,5,5,5,5,5,5,5,5,5,5,5,5,5,5,5,5,5,5,5,5,5,5,5,5
9,9,9,9,9,9,9,9,9,9,9,9,9,9,9,9,9,9,9,9,9,9,9,9,9,9,9,9,9,9,9,9,9,9,9,9,9,9
*SS_RAW_DATA_FORCE_MIN_MAX,1,2,,,,,,,,,,,,,,,,,,,,,,,,,,,,,,,,,,,
-13000,13000,,,,,,,,,,,,,,,,,,,,,,,,,,,,,,,,,,,,
*SS_RAW_DATA_FORCE_EACH_MIN,13,1,,,,,,,,,,,,,,,,,,,,,,,,,,,,,,,,,,,
-13000,,,,,,,,,,,,,,,,,,,,,,,,,,,,,,,,,,,,,
-3000,,,,,,,,,,,,,,,,,,,,,,,,,,,,,,,,,,,,,
-3000,,,,,,,,,,,,,,,,,,,,,,,,,,,,,,,,,,,,,
-3000,,,,,,,,,,,,,,,,,,,,,,,,,,,,,,,,,,,,,
-3000,,,,,,,,,,,,,,,,,,,,,,,,,,,,,,,,,,,,,
-3000,,,,,,,,,,,,,,,,,,,,,,,,,,,,,,,,,,,,,
-3000,,,,,,,,,,,,,,,,,,,,,,,,,,,,,,,,,,,,,
-3000,,,,,,,,,,,,,,,,,,,,,,,,,,,,,,,,,,,,,
-3000,,,,,,,,,,,,,,,,,,,,,,,,,,,,,,,,,,,,,
-3000,,,,,,,,,,,,,,,,,,,,,,,,,,,,,,,,,,,,,
-3000,,,,,,,,,,,,,,,,,,,,,,,,,,,,,,,,,,,,,
-3000,,,,,,,,,,,,,,,,,,,,,,,,,,,,,,,,,,,,,
-3000,,,,,,,,,,,,,,,,,,,,,,,,,,,,,,,,,,,,,
*SS_RAW_DATA_FORCE_EACH_MAX,13,1,,,,,,,,,,,,,,,,,,,,,,,,,,,,,,,,,,,
13000,,,,,,,,,,,,,,,,,,,,,,,,,,,,,,,,,,,,,
3000,,,,,,,,,,,,,,,,,,,,,,,,,,,,,,,,,,,,,
3000,,,,,,,,,,,,,,,,,,,,,,,,,,,,,,,,,,,,,
3000,,,,,,,,,,,,,,,,,,,,,,,,,,,,,,,,,,,,,
3000,,,,,,,,,,,,,,,,,,,,,,,,,,,,,,,,,,,,,
3000,,,,,,,,,,,,,,,,,,,,,,,,,,,,,,,,,,,,,
3000,,,,,,,,,,,,,,,,,,,,,,,,,,,,,,,,,,,,,
3000,,,,,,,,,,,,,,,,,,,,,,,,,,,,,,,,,,,,,
3000,,,,,,,,,,,,,,,,,,,,,,,,,,,,,,,,,,,,,
3000,,,,,,,,,,,,,,,,,,,,,,,,,,,,,,,,,,,,,
3000,,,,,,,,,,,,,,,,,,,,,,,,,,,,,,,,,,,,,
3000,,,,,,,,,,,,,,,,,,,,,,,,,,,,,,,,,,,,,
3000,,,,,,,,,,,,,,,,,,,,,,,,,,,,,,,,,,,,,
*SS_TOUCH_ACTIVE_TOTAL_IX_FORCE_MIN,13,1,,,,,,,,,,,,,,,,,,,,,,,,,,,,,,,,,,,
203,,,,,,,,,,,,,,,,,,,,,,,,,,,,,,,,,,,,,
216,,,,,,,,,,,,,,,,,,,,,,,,,,,,,,,,,,,,,
216,,,,,,,,,,,,,,,,,,,,,,,,,,,,,,,,,,,,,
216,,,,,,,,,,,,,,,,,,,,,,,,,,,,,,,,,,,,,
217,,,,,,,,,,,,,,,,,,,,,,,,,,,,,,,,,,,,,
217,,,,,,,,,,,,,,,,,,,,,,,,,,,,,,,,,,,,,
217,,,,,,,,,,,,,,,,,,,,,,,,,,,,,,,,,,,,,
220,,,,,,,,,,,,,,,,,,,,,,,,,,,,,,,,,,,,,
220,,,,,,,,,,,,,,,,,,,,,,,,,,,,,,,,,,,,,
221,,,,,,,,,,,,,,,,,,,,,,,,,,,,,,,,,,,,,
222,,,,,,,,,,,,,,,,,,,,,,,,,,,,,,,,,,,,,
221,,,,,,,,,,,,,,,,,,,,,,,,,,,,,,,,,,,,,
208,,,,,,,,,,,,,,,,,,,,,,,,,,,,,,,,,,,,,
*SS_TOUCH_ACTIVE_TOTAL_IX_FORCE_MAX,13,1,,,,,,,,,,,,,,,,,,,,,,,,,,,,,,,,,,,
421,,,,,,,,,,,,,,,,,,,,,,,,,,,,,,,,,,,,,
448,,,,,,,,,,,,,,,,,,,,,,,,,,,,,,,,,,,,,
449,,,,,,,,,,,,,,,,,,,,,,,,,,,,,,,,,,,,,
449,,,,,,,,,,,,,,,,,,,,,,,,,,,,,,,,,,,,,
450,,,,,,,,,,,,,,,,,,,,,,,,,,,,,,,,,,,,,
450,,,,,,,,,,,,,,,,,,,,,,,,,,,,,,,,,,,,,
451,,,,,,,,,,,,,,,,,,,,,,,,,,,,,,,,,,,,,
457,,,,,,,,,,,,,,,,,,,,,,,,,,,,,,,,,,,,,
457,,,,,,,,,,,,,,,,,,,,,,,,,,,,,,,,,,,,,
459,,,,,,,,,,,,,,,,,,,,,,,,,,,,,,,,,,,,,
460,,,,,,,,,,,,,,,,,,,,,,,,,,,,,,,,,,,,,
460,,,,,,,,,,,,,,,,,,,,,,,,,,,,,,,,,,,,,
432,,,,,,,,,,,,,,,,,,,,,,,,,,,,,,,,,,,,,
*SS_RAW_DATA_SENSE_MIN_MAX,1,2,,,,,,,,,,,,,,,,,,,,,,,,,,,,,,,,,,,
-13000,13000,,,,,,,,,,,,,,,,,,,,,,,,,,,,,,,,,,,,
*SS_RAW_DATA_SENSE_EACH_MIN,1,38,,,,,,,,,,,,,,,,,,,,,,,,,,,,,,,,,,,
-13000,-3000,-3000,-3000,-3000,-3000,-3000,-3000,-3000,-3000,-3000,-3000,-3000,-3000,-3000,-3000,-3000,-3000,-3000,-3000,-3000,-3000,-3000,-3000,-3000,-3000,-3000,-3000,-3000,-3000,-3000,-3000,-3000,-3000,-3000,-3000,-3000,-3000
*SS_RAW_DATA_SENSE_EACH_MAX,1,38,,,,,,,,,,,,,,,,,,,,,,,,,,,,,,,,,,,
13000,3000,3000,3000,3000,3000,3000,3000,3000,3000,3000,3000,3000,3000,3000,3000,3000,3000,3000,3000,3000,3000,3000,3000,3000,3000,3000,3000,3000,3000,3000,3000,3000,3000,3000,3000,3000,3000
*SS_TOUCH_ACTIVE_TOTAL_IX_SENSE_MIN,1,38,,,,,,,,,,,,,,,,,,,,,,,,,,,,,,,,,,,
139,133,133,132,131,131,131,130,129,129,129,129,129,129,129,128,128,127,127,124,124,124,124,124,124,123,122,122,122,122,122,122,122,121,121,121,122,127
*SS_TOUCH_ACTIVE_TOTAL_IX_SENSE_MAX,1,38,,,,,,,,,,,,,,,,,,,,,,,,,,,,,,,,,,,
289,275,275,274,273,271,271,270,269,269,269,269,269,267,267,266,266,265,263,258,258,258,258,258,257,255,254,254,254,252,252,252,252,251,251,251,252,263
