*FORCE_LENGTH,1,1,,,,,,,,,,,,,,,,,,,,,,,,,,,,,,,,,,,,,,
31,,,,,,,,,,,,,,,,,,,,,,,,,,,,,,,,,,,,,,,,
*SENSE_LENGTH,1,1,,,,,,,,,,,,,,,,,,,,,,,,,,,,,,,,,,,,,,
41,,,,,,,,,,,,,,,,,,,,,,,,,,,,,,,,,,,,,,,,
*KEY_LENGTH,1,1,,,,,,,,,,,,,,,,,,,,,,,,,,,,,,,,,,,,,,
0,,,,,,,,,,,,,,,,,,,,,,,,,,,,,,,,,,,,,,,,
*SSKEY_LENGTH,1,1,,,,,,,,,,,,,,,,,,,,,,,,,,,,,,,,,,,,,,
0,,,,,,,,,,,,,,,,,,,,,,,,,,,,,,,,,,,,,,,,
*EN_LP_TIMER_CALIBRATION,1,1,,,,,,,,,,,,,,,,,,,,,,,,,,,,,,,,,,,,,,
1,,,,,,,,,,,,,,,,,,,,,,,,,,,,,,,,,,,,,,,,
*EN_MUTUAL_AUTOTUNE,1,1,,,,,,,,,,,,,,,,,,,,,,,,,,,,,,,,,,,,,,
1,,,,,,,,,,,,,,,,,,,,,,,,,,,,,,,,,,,,,,,,
*EN_SELF_AUTOTUNE,1,1,,,,,,,,,,,,,,,,,,,,,,,,,,,,,,,,,,,,,,
1,,,,,,,,,,,,,,,,,,,,,,,,,,,,,,,,,,,,,,,,
*EN_SAVE_CX,1,1,,,,,,,,,,,,,,,,,,,,,,,,,,,,,,,,,,,,,,
1,,,,,,,,,,,,,,,,,,,,,,,,,,,,,,,,,,,,,,,,
*CX1_W,1,1,,,,,,,,,,,,,,,,,,,,,,,,,,,,,,,,,,,,,,
8,,,,,,,,,,,,,,,,,,,,,,,,,,,,,,,,,,,,,,,,
*CX2_W,1,1,,,,,,,,,,,,,,,,,,,,,,,,,,,,,,,,,,,,,,
1,,,,,,,,,,,,,,,,,,,,,,,,,,,,,,,,,,,,,,,,
*IX1_FORCE_W,1,1,,,,,,,,,,,,,,,,,,,,,,,,,,,,,,,,,,,,,,
2,,,,,,,,,,,,,,,,,,,,,,,,,,,,,,,,,,,,,,,,
*IX2_FORCE_W,1,1,,,,,,,,,,,,,,,,,,,,,,,,,,,,,,,,,,,,,,
1,,,,,,,,,,,,,,,,,,,,,,,,,,,,,,,,,,,,,,,,
*IX1_SENSE_W,1,1,,,,,,,,,,,,,,,,,,,,,,,,,,,,,,,,,,,,,,
2,,,,,,,,,,,,,,,,,,,,,,,,,,,,,,,,,,,,,,,,
*IX2_SENSE_W,1,1,,,,,,,,,,,,,,,,,,,,,,,,,,,,,,,,,,,,,,
1,,,,,,,,,,,,,,,,,,,,,,,,,,,,,,,,,,,,,,,,
*MS_RAW_DATA_MIN_MAX,1,2,,,,,,,,,,,,,,,,,,,,,,,,,,,,,,,,,,,,,,
-7000,7000,,,,,,,,,,,,,,,,,,,,,,,,,,,,,,,,,,,,,,,
*MS_RAW_DATA_EACH_MIN,31,41,,,,,,,,,,,,,,,,,,,,,,,,,,,,,,,,,,,,,,
-7000,-2000,-2000,-2000,-2000,-2000,-2000,-2000,-2000,-2000,-2000,-2000,-2000,-2000,-2000,-2000,-2000,-2000,-2000,-2000,-2000,-2000,-2000,-2000,-2000,-2000,-2000,-2000,-2000,-2000,-2000,-2000,-2000,-2000,-2000,-2000,-2000,-2000,-2000,-2000,-2000
-7000,-2000,-2000,-2000,-2000,-2000,-2000,-2000,-2000,-2000,-2000,-2000,-2000,-2000,-2000,-2000,-2000,-2000,-2000,-2000,-2000,-2000,-2000,-2000,-2000,-2000,-2000,-2000,-2000,-2000,-2000,-2000,-2000,-2000,-2000,-2000,-2000,-2000,-2000,-2000,-2000
-7000,-2000,-2000,-2000,-2000,-2000,-2000,-2000,-2000,-2000,-2000,-2000,-2000,-2000,-2000,-2000,-2000,-2000,-2000,-2000,-2000,-2000,-2000,-2000,-2000,-2000,-2000,-2000,-2000,-2000,-2000,-2000,-2000,-2000,-2000,-2000,-2000,-2000,-2000,-2000,-2000
-7000,-2000,-2000,-2000,-2000,-2000,-2000,-2000,-2000,-2000,-2000,-2000,-2000,-2000,-2000,-2000,-2000,-2000,-2000,-2000,-2000,-2000,-2000,-2000,-2000,-2000,-2000,-2000,-2000,-2000,-2000,-2000,-2000,-2000,-2000,-2000,-2000,-2000,-2000,-2000,-2000
-7000,-2000,-2000,-2000,-2000,-2000,-2000,-2000,-2000,-2000,-2000,-2000,-2000,-2000,-2000,-2000,-2000,-2000,-2000,-2000,-2000,-2000,-2000,-2000,-2000,-2000,-2000,-2000,-2000,-2000,-2000,-2000,-2000,-2000,-2000,-2000,-2000,-2000,-2000,-2000,-2000
-7000,-2000,-2000,-2000,-2000,-2000,-2000,-2000,-2000,-2000,-2000,-2000,-2000,-2000,-2000,-2000,-2000,-2000,-2000,-2000,-2000,-2000,-2000,-2000,-2000,-2000,-2000,-2000,-2000,-2000,-2000,-2000,-2000,-2000,-2000,-2000,-2000,-2000,-2000,-2000,-2000
-7000,-2000,-2000,-2000,-2000,-2000,-2000,-2000,-2000,-2000,-2000,-2000,-2000,-2000,-2000,-2000,-2000,-2000,-2000,-2000,-2000,-2000,-2000,-2000,-2000,-2000,-2000,-2000,-2000,-2000,-2000,-2000,-2000,-2000,-2000,-2000,-2000,-2000,-2000,-2000,-2000
-7000,-2000,-2000,-2000,-2000,-2000,-2000,-2000,-2000,-2000,-2000,-2000,-2000,-2000,-2000,-2000,-2000,-2000,-2000,-2000,-2000,-2000,-2000,-2000,-2000,-2000,-2000,-2000,-2000,-2000,-2000,-2000,-2000,-2000,-2000,-2000,-2000,-2000,-2000,-2000,-2000
-7000,-2000,-2000,-2000,-2000,-2000,-2000,-2000,-2000,-2000,-2000,-2000,-2000,-2000,-2000,-2000,-2000,-2000,-2000,-2000,-2000,-2000,-2000,-2000,-2000,-2000,-2000,-2000,-2000,-2000,-2000,-2000,-2000,-2000,-2000,-2000,-2000,-2000,-2000,-2000,-2000
-7000,-2000,-2000,-2000,-2000,-2000,-2000,-2000,-2000,-2000,-2000,-2000,-2000,-2000,-2000,-2000,-2000,-2000,-2000,-2000,-2000,-2000,-2000,-2000,-2000,-2000,-2000,-2000,-2000,-2000,-2000,-2000,-2000,-2000,-2000,-2000,-2000,-2000,-2000,-2000,-2000
-7000,-2000,-2000,-2000,-2000,-2000,-2000,-2000,-2000,-2000,-2000,-2000,-2000,-2000,-2000,-2000,-2000,-2000,-2000,-2000,-2000,-2000,-2000,-2000,-2000,-2000,-2000,-2000,-2000,-2000,-2000,-2000,-2000,-2000,-2000,-2000,-2000,-2000,-2000,-2000,-2000
-7000,-2000,-2000,-2000,-2000,-2000,-2000,-2000,-2000,-2000,-2000,-2000,-2000,-2000,-2000,-2000,-2000,-2000,-2000,-2000,-2000,-2000,-2000,-2000,-2000,-2000,-2000,-2000,-2000,-2000,-2000,-2000,-2000,-2000,-2000,-2000,-2000,-2000,-2000,-2000,-2000
-7000,-2000,-2000,-2000,-2000,-2000,-2000,-2000,-2000,-2000,-2000,-2000,-2000,-2000,-2000,-2000,-2000,-2000,-2000,-2000,-2000,-2000,-2000,-2000,-2000,-2000,-2000,-2000,-2000,-2000,-2000,-2000,-2000,-2000,-2000,-2000,-2000,-2000,-2000,-2000,-2000
-7000,-2000,-2000,-2000,-2000,-2000,-2000,-2000,-2000,-2000,-2000,-2000,-2000,-2000,-2000,-2000,-2000,-2000,-2000,-2000,-2000,-2000,-2000,-2000,-2000,-2000,-2000,-2000,-2000,-2000,-2000,-2000,-2000,-2000,-2000,-2000,-2000,-2000,-2000,-2000,-2000
-7000,-2000,-2000,-2000,-2000,-2000,-2000,-2000,-2000,-2000,-2000,-2000,-2000,-2000,-2000,-2000,-2000,-2000,-2000,-2000,-2000,-2000,-2000,-2000,-2000,-2000,-2000,-2000,-2000,-2000,-2000,-2000,-2000,-2000,-2000,-2000,-2000,-2000,-2000,-2000,-2000
-7000,-2000,-2000,-2000,-2000,-2000,-2000,-2000,-2000,-2000,-2000,-2000,-2000,-2000,-2000,-2000,-2000,-2000,-2000,-2000,-2000,-2000,-2000,-2000,-2000,-2000,-2000,-2000,-2000,-2000,-2000,-2000,-2000,-2000,-2000,-2000,-2000,-2000,-2000,-2000,-2000
-7000,-2000,-2000,-2000,-2000,-2000,-2000,-2000,-2000,-2000,-2000,-2000,-2000,-2000,-2000,-2000,-2000,-2000,-2000,-2000,-2000,-2000,-2000,-2000,-2000,-2000,-2000,-2000,-2000,-2000,-2000,-2000,-2000,-2000,-2000,-2000,-2000,-2000,-2000,-2000,-2000
-7000,-2000,-2000,-2000,-2000,-2000,-2000,-2000,-2000,-2000,-2000,-2000,-2000,-2000,-2000,-2000,-2000,-2000,-2000,-2000,-2000,-2000,-2000,-2000,-2000,-2000,-2000,-2000,-2000,-2000,-2000,-2000,-2000,-2000,-2000,-2000,-2000,-2000,-2000,-2000,-2000
-7000,-2000,-2000,-2000,-2000,-2000,-2000,-2000,-2000,-2000,-2000,-2000,-2000,-2000,-2000,-2000,-2000,-2000,-2000,-2000,-2000,-2000,-2000,-2000,-2000,-2000,-2000,-2000,-2000,-2000,-2000,-2000,-2000,-2000,-2000,-2000,-2000,-2000,-2000,-2000,-2000
-7000,-2000,-2000,-2000,-2000,-2000,-2000,-2000,-2000,-2000,-2000,-2000,-2000,-2000,-2000,-2000,-2000,-2000,-2000,-2000,-2000,-2000,-2000,-2000,-2000,-2000,-2000,-2000,-2000,-2000,-2000,-2000,-2000,-2000,-2000,-2000,-2000,-2000,-2000,-2000,-2000
-7000,-2000,-2000,-2000,-2000,-2000,-2000,-2000,-2000,-2000,-2000,-2000,-2000,-2000,-2000,-2000,-2000,-2000,-2000,-2000,-2000,-2000,-2000,-2000,-2000,-2000,-2000,-2000,-2000,-2000,-2000,-2000,-2000,-2000,-2000,-2000,-2000,-2000,-2000,-2000,-2000
-7000,-2000,-2000,-2000,-2000,-2000,-2000,-2000,-2000,-2000,-2000,-2000,-2000,-2000,-2000,-2000,-2000,-2000,-2000,-2000,-2000,-2000,-2000,-2000,-2000,-2000,-2000,-2000,-2000,-2000,-2000,-2000,-2000,-2000,-2000,-2000,-2000,-2000,-2000,-2000,-2000
-7000,-2000,-2000,-2000,-2000,-2000,-2000,-2000,-2000,-2000,-2000,-2000,-2000,-2000,-2000,-2000,-2000,-2000,-2000,-2000,-2000,-2000,-2000,-2000,-2000,-2000,-2000,-2000,-2000,-2000,-2000,-2000,-2000,-2000,-2000,-2000,-2000,-2000,-2000,-2000,-2000
-7000,-2000,-2000,-2000,-2000,-2000,-2000,-2000,-2000,-2000,-2000,-2000,-2000,-2000,-2000,-2000,-2000,-2000,-2000,-2000,-2000,-2000,-2000,-2000,-2000,-2000,-2000,-2000,-2000,-2000,-2000,-2000,-2000,-2000,-2000,-2000,-2000,-2000,-2000,-2000,-2000
-7000,-2000,-2000,-2000,-2000,-2000,-2000,-2000,-2000,-2000,-2000,-2000,-2000,-2000,-2000,-2000,-2000,-2000,-2000,-2000,-2000,-2000,-2000,-2000,-2000,-2000,-2000,-2000,-2000,-2000,-2000,-2000,-2000,-2000,-2000,-2000,-2000,-2000,-2000,-2000,-2000
-7000,-2000,-2000,-2000,-2000,-2000,-2000,-2000,-2000,-2000,-2000,-2000,-2000,-2000,-2000,-2000,-2000,-2000,-2000,-2000,-2000,-2000,-2000,-2000,-2000,-2000,-2000,-2000,-2000,-2000,-2000,-2000,-2000,-2000,-2000,-2000,-2000,-2000,-2000,-2000,-2000
-7000,-2000,-2000,-2000,-2000,-2000,-2000,-2000,-2000,-2000,-2000,-2000,-2000,-2000,-2000,-2000,-2000,-2000,-2000,-2000,-2000,-2000,-2000,-2000,-2000,-2000,-2000,-2000,-2000,-2000,-2000,-2000,-2000,-2000,-2000,-2000,-2000,-2000,-2000,-2000,-2000
-7000,-2000,-2000,-2000,-2000,-2000,-2000,-2000,-2000,-2000,-2000,-2000,-2000,-2000,-2000,-2000,-2000,-2000,-2000,-2000,-2000,-2000,-2000,-2000,-2000,-2000,-2000,-2000,-2000,-2000,-2000,-2000,-2000,-2000,-2000,-2000,-2000,-2000,-2000,-2000,-2000
-7000,-2000,-2000,-2000,-2000,-2000,-2000,-2000,-2000,-2000,-2000,-2000,-2000,-2000,-2000,-2000,-2000,-2000,-2000,-2000,-2000,-2000,-2000,-2000,-2000,-2000,-2000,-2000,-2000,-2000,-2000,-2000,-2000,-2000,-2000,-2000,-2000,-2000,-2000,-2000,-2000
-7000,-2000,-2000,-2000,-2000,-2000,-2000,-2000,-2000,-2000,-2000,-2000,-2000,-2000,-2000,-2000,-2000,-2000,-2000,-2000,-2000,-2000,-2000,-2000,-2000,-2000,-2000,-2000,-2000,-2000,-2000,-2000,-2000,-2000,-2000,-2000,-2000,-2000,-2000,-2000,-2000
-7000,-2000,-2000,-2000,-2000,-2000,-2000,-2000,-2000,-2000,-2000,-2000,-2000,-2000,-2000,-2000,-2000,-2000,-2000,-2000,-2000,-2000,-2000,-2000,-2000,-2000,-2000,-2000,-2000,-2000,-2000,-2000,-2000,-2000,-2000,-2000,-2000,-2000,-2000,-2000,-2000
*MS_RAW_DATA_EACH_MAX,31,41,,,,,,,,,,,,,,,,,,,,,,,,,,,,,,,,,,,,,,
7000,2000,2000,2000,2000,2000,2000,2000,2000,2000,2000,2000,2000,2000,2000,2000,2000,2000,2000,2000,2000,2000,2000,2000,2000,2000,2000,2000,2000,2000,2000,2000,2000,2000,2000,2000,2000,2000,2000,2000,2000
7000,2000,2000,2000,2000,2000,2000,2000,2000,2000,2000,2000,2000,2000,2000,2000,2000,2000,2000,2000,2000,2000,2000,2000,2000,2000,2000,2000,2000,2000,2000,2000,2000,2000,2000,2000,2000,2000,2000,2000,2000
7000,2000,2000,2000,2000,2000,2000,2000,2000,2000,2000,2000,2000,2000,2000,2000,2000,2000,2000,2000,2000,2000,2000,2000,2000,2000,2000,2000,2000,2000,2000,2000,2000,2000,2000,2000,2000,2000,2000,2000,2000
7000,2000,2000,2000,2000,2000,2000,2000,2000,2000,2000,2000,2000,2000,2000,2000,2000,2000,2000,2000,2000,2000,2000,2000,2000,2000,2000,2000,2000,2000,2000,2000,2000,2000,2000,2000,2000,2000,2000,2000,2000
7000,2000,2000,2000,2000,2000,2000,2000,2000,2000,2000,2000,2000,2000,2000,2000,2000,2000,2000,2000,2000,2000,2000,2000,2000,2000,2000,2000,2000,2000,2000,2000,2000,2000,2000,2000,2000,2000,2000,2000,2000
7000,2000,2000,2000,2000,2000,2000,2000,2000,2000,2000,2000,2000,2000,2000,2000,2000,2000,2000,2000,2000,2000,2000,2000,2000,2000,2000,2000,2000,2000,2000,2000,2000,2000,2000,2000,2000,2000,2000,2000,2000
7000,2000,2000,2000,2000,2000,2000,2000,2000,2000,2000,2000,2000,2000,2000,2000,2000,2000,2000,2000,2000,2000,2000,2000,2000,2000,2000,2000,2000,2000,2000,2000,2000,2000,2000,2000,2000,2000,2000,2000,2000
7000,2000,2000,2000,2000,2000,2000,2000,2000,2000,2000,2000,2000,2000,2000,2000,2000,2000,2000,2000,2000,2000,2000,2000,2000,2000,2000,2000,2000,2000,2000,2000,2000,2000,2000,2000,2000,2000,2000,2000,2000
7000,2000,2000,2000,2000,2000,2000,2000,2000,2000,2000,2000,2000,2000,2000,2000,2000,2000,2000,2000,2000,2000,2000,2000,2000,2000,2000,2000,2000,2000,2000,2000,2000,2000,2000,2000,2000,2000,2000,2000,2000
7000,2000,2000,2000,2000,2000,2000,2000,2000,2000,2000,2000,2000,2000,2000,2000,2000,2000,2000,2000,2000,2000,2000,2000,2000,2000,2000,2000,2000,2000,2000,2000,2000,2000,2000,2000,2000,2000,2000,2000,2000
7000,2000,2000,2000,2000,2000,2000,2000,2000,2000,2000,2000,2000,2000,2000,2000,2000,2000,2000,2000,2000,2000,2000,2000,2000,2000,2000,2000,2000,2000,2000,2000,2000,2000,2000,2000,2000,2000,2000,2000,2000
7000,2000,2000,2000,2000,2000,2000,2000,2000,2000,2000,2000,2000,2000,2000,2000,2000,2000,2000,2000,2000,2000,2000,2000,2000,2000,2000,2000,2000,2000,2000,2000,2000,2000,2000,2000,2000,2000,2000,2000,2000
7000,2000,2000,2000,2000,2000,2000,2000,2000,2000,2000,2000,2000,2000,2000,2000,2000,2000,2000,2000,2000,2000,2000,2000,2000,2000,2000,2000,2000,2000,2000,2000,2000,2000,2000,2000,2000,2000,2000,2000,2000
7000,2000,2000,2000,2000,2000,2000,2000,2000,2000,2000,2000,2000,2000,2000,2000,2000,2000,2000,2000,2000,2000,2000,2000,2000,2000,2000,2000,2000,2000,2000,2000,2000,2000,2000,2000,2000,2000,2000,2000,2000
7000,2000,2000,2000,2000,2000,2000,2000,2000,2000,2000,2000,2000,2000,2000,2000,2000,2000,2000,2000,2000,2000,2000,2000,2000,2000,2000,2000,2000,2000,2000,2000,2000,2000,2000,2000,2000,2000,2000,2000,2000
7000,2000,2000,2000,2000,2000,2000,2000,2000,2000,2000,2000,2000,2000,2000,2000,2000,2000,2000,2000,2000,2000,2000,2000,2000,2000,2000,2000,2000,2000,2000,2000,2000,2000,2000,2000,2000,2000,2000,2000,2000
7000,2000,2000,2000,2000,2000,2000,2000,2000,2000,2000,2000,2000,2000,2000,2000,2000,2000,2000,2000,2000,2000,2000,2000,2000,2000,2000,2000,2000,2000,2000,2000,2000,2000,2000,2000,2000,2000,2000,2000,2000
7000,2000,2000,2000,2000,2000,2000,2000,2000,2000,2000,2000,2000,2000,2000,2000,2000,2000,2000,2000,2000,2000,2000,2000,2000,2000,2000,2000,2000,2000,2000,2000,2000,2000,2000,2000,2000,2000,2000,2000,2000
7000,2000,2000,2000,2000,2000,2000,2000,2000,2000,2000,2000,2000,2000,2000,2000,2000,2000,2000,2000,2000,2000,2000,2000,2000,2000,2000,2000,2000,2000,2000,2000,2000,2000,2000,2000,2000,2000,2000,2000,2000
7000,2000,2000,2000,2000,2000,2000,2000,2000,2000,2000,2000,2000,2000,2000,2000,2000,2000,2000,2000,2000,2000,2000,2000,2000,2000,2000,2000,2000,2000,2000,2000,2000,2000,2000,2000,2000,2000,2000,2000,2000
7000,2000,2000,2000,2000,2000,2000,2000,2000,2000,2000,2000,2000,2000,2000,2000,2000,2000,2000,2000,2000,2000,2000,2000,2000,2000,2000,2000,2000,2000,2000,2000,2000,2000,2000,2000,2000,2000,2000,2000,2000
7000,2000,2000,2000,2000,2000,2000,2000,2000,2000,2000,2000,2000,2000,2000,2000,2000,2000,2000,2000,2000,2000,2000,2000,2000,2000,2000,2000,2000,2000,2000,2000,2000,2000,2000,2000,2000,2000,2000,2000,2000
7000,2000,2000,2000,2000,2000,2000,2000,2000,2000,2000,2000,2000,2000,2000,2000,2000,2000,2000,2000,2000,2000,2000,2000,2000,2000,2000,2000,2000,2000,2000,2000,2000,2000,2000,2000,2000,2000,2000,2000,2000
7000,2000,2000,2000,2000,2000,2000,2000,2000,2000,2000,2000,2000,2000,2000,2000,2000,2000,2000,2000,2000,2000,2000,2000,2000,2000,2000,2000,2000,2000,2000,2000,2000,2000,2000,2000,2000,2000,2000,2000,2000
7000,2000,2000,2000,2000,2000,2000,2000,2000,2000,2000,2000,2000,2000,2000,2000,2000,2000,2000,2000,2000,2000,2000,2000,2000,2000,2000,2000,2000,2000,2000,2000,2000,2000,2000,2000,2000,2000,2000,2000,2000
7000,2000,2000,2000,2000,2000,2000,2000,2000,2000,2000,2000,2000,2000,2000,2000,2000,2000,2000,2000,2000,2000,2000,2000,2000,2000,2000,2000,2000,2000,2000,2000,2000,2000,2000,2000,2000,2000,2000,2000,2000
7000,2000,2000,2000,2000,2000,2000,2000,2000,2000,2000,2000,2000,2000,2000,2000,2000,2000,2000,2000,2000,2000,2000,2000,2000,2000,2000,2000,2000,2000,2000,2000,2000,2000,2000,2000,2000,2000,2000,2000,2000
7000,2000,2000,2000,2000,2000,2000,2000,2000,2000,2000,2000,2000,2000,2000,2000,2000,2000,2000,2000,2000,2000,2000,2000,2000,2000,2000,2000,2000,2000,2000,2000,2000,2000,2000,2000,2000,2000,2000,2000,2000
7000,2000,2000,2000,2000,2000,2000,2000,2000,2000,2000,2000,2000,2000,2000,2000,2000,2000,2000,2000,2000,2000,2000,2000,2000,2000,2000,2000,2000,2000,2000,2000,2000,2000,2000,2000,2000,2000,2000,2000,2000
7000,2000,2000,2000,2000,2000,2000,2000,2000,2000,2000,2000,2000,2000,2000,2000,2000,2000,2000,2000,2000,2000,2000,2000,2000,2000,2000,2000,2000,2000,2000,2000,2000,2000,2000,2000,2000,2000,2000,2000,2000
7000,2000,2000,2000,2000,2000,2000,2000,2000,2000,2000,2000,2000,2000,2000,2000,2000,2000,2000,2000,2000,2000,2000,2000,2000,2000,2000,2000,2000,2000,2000,2000,2000,2000,2000,2000,2000,2000,2000,2000,2000
*MS_RAW_ITO_DATA_ADJ_HORIZONTAL,31,40,,,,,,,,,,,,,,,,,,,,,,,,,,,,,,,,,,,,,,
1063,683,651,626,574,574,574,574,574,574,574,574,574,574,574,574,574,574,574,574,574,574,574,574,574,574,574,574,574,574,574,574,574,574,574,574,574,574,574,1078,
1113,510,510,500,500,500,500,500,500,500,500,500,500,500,500,500,500,500,500,500,500,500,500,500,500,500,500,500,500,500,500,500,500,500,500,500,500,500,544,1051,
1137,500,500,500,510,500,500,500,500,500,500,500,500,500,500,500,500,500,500,500,500,500,500,500,500,500,500,500,500,500,500,500,500,500,500,500,500,500,500,1009,
1093,500,500,500,510,500,500,500,500,500,500,500,500,500,500,500,500,500,500,500,500,500,500,500,500,500,500,500,500,500,500,500,500,500,500,500,500,500,500,978,
1121,500,500,500,500,500,500,500,500,500,500,500,500,500,500,500,500,500,500,500,500,500,500,500,500,500,500,500,500,500,500,500,500,500,500,500,500,500,500,961,
967,553,500,500,500,500,500,500,500,500,500,500,500,500,500,500,500,500,500,500,500,500,500,500,500,500,500,500,500,500,500,500,500,500,500,500,500,500,500,952,
1182,500,500,500,500,500,500,500,500,500,500,500,500,500,500,500,500,500,500,500,500,500,500,500,500,500,500,500,500,500,500,500,500,500,500,500,500,500,500,932,
939,500,500,500,500,500,500,500,500,500,500,500,500,500,500,500,500,500,500,500,500,500,500,500,500,500,500,500,500,500,500,500,500,500,500,500,500,500,500,923,
963,500,500,500,500,500,500,500,500,500,500,500,500,500,500,500,500,500,500,500,500,500,500,500,500,500,500,500,500,500,500,500,500,500,500,500,500,500,500,900,
961,500,500,500,500,500,500,500,500,500,500,500,500,500,500,500,500,500,500,500,500,500,500,500,500,500,500,500,500,500,500,500,500,500,500,500,500,500,500,882,
920,500,500,500,500,500,500,500,500,500,500,500,500,500,500,500,500,500,500,500,500,500,500,500,500,500,500,500,500,500,500,500,500,500,500,500,500,500,500,866,
917,500,500,500,500,526,526,500,500,500,500,500,500,500,500,500,500,500,500,500,500,500,500,500,500,500,500,500,500,500,500,500,500,500,500,500,500,500,500,858,
901,500,500,500,500,500,500,500,500,500,500,500,500,500,500,500,500,500,500,500,500,500,500,500,500,500,500,500,500,500,500,500,500,500,500,500,500,500,500,858,
860,500,500,500,500,500,500,500,500,500,500,500,500,500,500,500,500,500,500,500,500,500,500,500,500,500,500,500,500,500,500,500,500,500,500,500,500,500,500,865,
889,500,500,500,500,500,500,500,500,500,500,500,500,500,500,500,500,500,500,500,500,500,500,500,500,500,500,500,500,500,500,500,500,500,510,500,500,598,626,849,
867,500,500,500,500,500,500,500,500,500,500,500,500,500,500,500,500,500,500,500,500,500,500,500,500,500,500,500,500,500,500,500,500,500,500,500,500,500,500,824,
855,500,500,500,500,500,500,500,500,500,500,500,500,500,500,500,500,500,500,500,500,500,500,500,500,500,500,500,500,500,500,500,500,500,500,500,500,500,500,806,
854,500,500,500,500,500,500,500,500,500,500,500,500,500,500,500,500,500,500,500,500,500,500,500,500,500,500,500,500,500,500,500,500,500,500,500,500,526,500,767,
843,500,500,500,500,500,500,500,500,500,500,500,500,500,500,500,500,500,500,500,500,500,500,500,500,500,500,500,500,500,500,500,500,500,500,500,500,526,500,768,
833,500,500,500,500,500,500,500,500,500,500,500,500,500,500,500,500,500,500,500,500,500,500,500,500,500,500,500,500,500,500,500,500,500,500,500,500,526,500,761,
822,500,500,500,500,500,500,500,500,500,500,500,500,500,500,500,500,500,500,500,500,500,500,500,500,500,500,500,500,500,500,500,500,500,500,500,500,500,500,750,
821,500,500,500,500,500,500,500,500,500,500,500,500,500,500,500,500,500,500,500,500,500,500,500,500,500,500,500,500,500,500,500,500,500,500,500,500,500,500,752,
822,500,500,500,500,500,500,500,500,500,500,500,500,500,500,500,500,500,500,500,500,500,500,500,500,500,500,500,500,500,500,500,500,500,500,500,500,500,500,762,
817,500,500,500,500,500,500,500,500,500,500,500,500,500,500,500,500,500,500,500,500,500,500,500,500,500,500,500,500,500,500,500,500,500,500,500,500,500,500,756,
818,500,500,500,500,500,500,500,500,500,500,500,500,500,500,500,500,500,500,500,500,500,500,500,500,500,500,500,500,500,500,500,500,500,500,500,500,500,500,760,
816,500,500,500,500,500,500,500,500,500,500,500,500,500,500,500,500,500,500,500,500,500,500,500,500,500,500,500,500,500,500,500,500,500,500,500,500,500,500,756,
819,500,500,500,500,500,500,500,500,500,500,500,500,500,500,500,500,500,500,500,500,500,500,500,500,500,500,500,500,500,500,500,500,500,500,500,500,500,500,758,
832,500,500,500,500,500,500,500,500,500,500,500,500,500,500,500,500,500,500,500,500,500,500,500,500,500,500,500,500,500,500,500,500,500,500,500,500,500,500,769,
825,500,500,500,500,500,500,500,500,500,500,500,500,500,500,500,500,500,500,500,500,500,500,500,500,500,500,500,500,500,500,500,500,500,500,500,500,500,500,783,
868,500,500,500,500,500,500,500,500,500,500,500,500,500,500,500,500,500,500,500,500,500,500,500,500,500,500,500,500,500,500,500,500,500,500,500,500,500,500,825,
931,628,658,578,680,574,574,574,574,574,574,574,574,574,574,574,574,574,574,574,574,574,574,574,574,574,574,574,574,574,574,574,574,574,574,574,574,574,921,891,
*MS_RAW_ITO_DATA_ADJ_VERTICAL,30,41,,,,,,,,,,,,,,,,,,,,,,,,,,,,,,,,,,,,,,
800,800,800,800,800,800,800,800,800,800,800,800,800,800,800,800,800,800,800,800,800,800,800,800,800,800,800,800,800,800,800,800,800,800,800,800,800,800,800,800,800
500,500,500,500,500,500,500,500,500,500,500,500,500,500,500,500,500,500,500,500,500,500,500,500,500,500,500,500,500,500,500,500,500,500,500,500,500,500,500,500,574
574,500,500,500,500,500,500,500,500,500,500,500,500,500,500,500,500,500,500,500,500,500,500,500,500,500,500,500,500,500,500,500,500,500,500,500,500,500,500,500,574
574,500,500,500,500,500,500,500,500,500,500,500,500,500,500,500,500,500,500,500,500,500,500,500,500,500,500,500,500,500,500,500,500,500,500,500,500,500,500,500,574
574,500,500,500,500,500,500,500,500,500,500,500,500,500,500,500,500,500,500,500,500,500,500,500,500,500,500,500,500,500,500,500,500,500,500,500,500,500,500,500,574
574,549,500,500,500,500,500,500,500,500,500,500,500,500,500,500,500,500,500,500,500,500,500,500,500,500,500,500,500,500,500,500,500,500,500,500,500,500,500,500,574
770,500,500,500,500,500,500,500,500,500,500,500,500,500,500,500,500,500,500,500,500,500,500,500,500,500,500,500,500,500,500,500,500,500,500,500,500,500,500,500,574
574,500,500,500,500,500,500,500,500,500,500,500,500,500,500,500,500,500,500,500,500,500,500,500,500,500,500,500,500,500,500,500,500,500,500,500,500,500,500,500,574
574,500,500,500,500,500,500,500,500,500,500,500,500,500,500,500,500,500,500,500,500,500,500,500,500,500,500,500,500,500,500,500,500,500,500,500,500,500,500,500,574
574,500,500,500,500,500,500,500,500,500,500,500,500,500,500,500,500,500,500,500,500,500,500,500,500,500,500,500,500,500,500,500,500,500,500,500,500,500,500,500,574
574,500,500,500,500,500,500,500,500,500,500,500,500,500,500,500,500,500,500,500,500,500,500,500,500,500,500,500,500,500,500,500,500,500,500,500,500,500,500,500,574
574,500,500,500,500,500,500,500,500,500,500,500,500,500,500,500,500,500,500,500,500,500,500,500,500,500,500,500,500,500,500,500,500,500,500,500,500,500,500,500,574
574,500,500,500,500,500,500,500,500,500,500,500,500,500,500,500,500,500,500,500,500,500,500,500,500,500,500,500,500,500,500,500,500,500,500,500,500,500,500,500,574
574,516,500,500,500,526,500,526,500,500,500,500,500,500,500,500,500,500,500,500,500,500,500,500,500,500,500,500,500,500,500,500,500,500,500,500,500,500,621,500,574
574,500,500,500,500,500,500,500,500,500,500,500,500,500,500,500,500,500,500,500,500,500,500,500,500,500,500,500,500,500,500,500,500,500,500,500,500,500,588,500,574
574,500,500,500,500,500,500,500,500,500,500,500,500,500,500,500,500,500,500,500,500,500,500,500,500,500,500,500,500,500,500,500,500,500,500,500,500,500,500,500,574
574,500,500,500,500,500,500,500,500,500,500,500,500,500,500,500,500,500,500,500,500,500,500,500,500,500,500,500,500,500,500,500,500,500,500,500,500,500,510,500,574
574,500,500,500,500,500,500,500,500,500,500,500,500,500,500,500,500,500,500,500,500,500,500,500,500,500,500,500,500,500,500,500,500,500,500,500,500,500,500,500,574
574,500,500,500,500,500,500,500,500,500,500,500,500,500,500,500,500,500,500,500,500,500,500,500,500,500,500,500,500,500,500,500,500,500,500,500,500,500,500,500,574
574,500,500,500,500,500,500,500,500,500,500,500,500,500,500,500,500,500,500,500,500,500,500,500,500,500,500,500,500,500,500,500,500,500,500,500,500,500,500,500,574
574,500,500,500,500,500,500,500,500,500,500,500,500,500,500,500,500,500,500,500,500,500,500,500,500,500,500,500,500,500,500,500,500,500,500,500,500,500,500,500,574
574,500,500,500,500,500,500,500,500,500,500,500,500,500,500,500,500,500,500,500,500,500,500,500,500,500,500,500,500,500,500,500,500,500,500,500,500,500,500,500,574
574,500,500,500,500,500,500,500,500,500,500,500,500,500,500,500,500,500,500,500,500,500,500,500,500,500,500,500,500,500,500,500,500,500,500,500,500,500,500,500,574
574,500,500,500,500,500,500,500,500,500,500,500,500,500,500,500,500,500,500,500,500,500,500,500,500,500,500,500,500,500,500,500,500,500,500,500,500,500,500,500,574
574,500,500,500,500,500,500,500,500,500,500,500,500,500,500,500,500,500,500,500,500,500,500,500,500,500,500,500,500,500,500,500,500,500,500,500,500,500,500,500,574
574,500,500,500,500,500,500,500,500,500,500,500,500,500,500,500,500,500,500,500,500,500,500,500,500,500,500,500,500,500,500,500,500,500,500,500,500,500,500,500,574
574,500,500,500,500,500,500,500,500,500,500,500,500,500,500,500,500,500,500,500,500,500,500,500,500,500,500,500,500,500,500,500,500,500,500,500,500,500,500,500,574
574,500,500,500,500,500,500,500,500,500,500,500,500,500,500,500,500,500,500,500,500,500,500,500,500,500,500,500,500,500,500,500,500,500,500,500,500,500,500,500,574
574,500,500,500,500,500,500,500,500,500,500,500,500,500,500,500,500,500,500,500,500,500,500,500,500,500,500,500,500,500,500,500,500,500,500,500,500,500,500,500,574
800,800,800,800,800,800,800,800,800,800,800,800,800,800,800,800,800,800,800,800,800,800,800,800,800,800,800,800,800,800,800,800,800,800,800,800,800,800,800,800,800
*MS_TOUCH_LOWPOWER_CX2_MIN,31,41,,,,,,,,,,,,,,,,,,,,,,,,,,,,,,,,,,,,,,
12,11,11,11,11,11,11,11,11,11,11,11,11,11,11,11,11,11,11,11,11,11,11,11,11,11,11,11,11,11,11,11,11,11,11,11,11,11,11,11,12
12,12,11,11,11,11,11,11,11,11,11,11,11,11,11,11,11,11,11,11,11,11,11,11,11,11,11,11,11,11,11,11,11,11,11,11,11,11,11,12,12
12,12,12,12,12,12,12,12,12,12,12,12,12,12,12,12,11,11,11,11,12,11,11,11,11,12,12,12,12,12,12,12,12,12,12,12,11,12,12,12,12
12,12,11,11,11,11,11,12,12,12,12,12,12,11,12,11,11,11,11,11,11,11,11,11,11,11,11,11,12,12,12,12,12,12,12,11,11,11,11,12,12
12,12,11,11,11,11,11,11,11,12,11,11,11,11,11,11,11,11,11,11,11,11,11,11,11,11,11,11,11,12,11,12,12,11,11,11,11,11,11,12,12
12,12,11,11,11,11,11,11,11,12,11,11,12,11,11,11,11,11,11,11,11,11,11,11,11,11,11,11,11,12,11,12,12,11,11,11,11,11,11,12,12
12,12,11,11,11,11,11,11,11,11,11,11,11,11,11,11,11,11,11,11,11,11,11,11,11,11,11,11,11,11,11,11,11,11,11,11,11,11,11,12,12
12,12,11,11,11,11,11,11,11,11,11,11,11,11,11,11,11,11,11,11,11,11,11,11,11,11,11,11,11,11,11,11,11,11,11,11,11,11,11,12,12
12,12,11,11,11,11,11,11,11,11,11,11,11,11,11,11,11,11,11,11,11,11,11,11,11,11,11,11,11,11,11,11,11,11,11,11,11,11,11,11,12
12,11,11,11,11,11,11,11,11,11,11,11,11,11,11,11,11,11,11,11,11,11,11,11,11,11,11,11,11,11,11,11,11,11,11,11,11,11,11,11,12
12,11,11,11,11,12,11,11,11,11,11,11,11,11,11,11,11,11,11,11,11,11,11,11,11,11,11,11,11,11,11,11,11,11,11,11,11,11,11,11,12
12,11,11,11,11,11,12,11,11,11,11,11,11,11,11,11,11,11,11,11,11,11,11,11,11,11,11,11,11,11,11,11,11,11,11,11,11,11,11,11,12
12,11,11,11,11,11,11,11,11,11,11,11,11,11,11,11,11,11,11,11,11,11,11,11,11,11,11,11,11,11,11,11,11,11,11,11,11,11,11,11,12
12,11,11,11,11,11,11,12,11,11,11,11,11,11,11,11,11,11,11,11,11,11,11,11,11,11,11,11,11,11,11,11,11,11,11,11,11,11,11,11,12
12,11,11,11,11,11,11,11,11,11,11,11,11,11,11,11,11,11,11,11,11,11,11,11,11,11,11,11,11,11,11,11,11,11,11,11,11,11,12,11,12
12,11,11,11,11,11,11,11,11,11,11,11,11,11,11,11,11,11,11,11,11,11,11,11,11,11,11,11,11,11,11,11,11,11,11,11,11,11,11,11,12
12,11,11,11,11,11,11,11,11,11,11,11,11,11,11,11,11,11,11,11,11,11,11,11,11,11,11,11,11,11,11,11,11,11,11,11,11,11,11,11,12
12,11,11,11,11,11,11,11,11,11,11,11,11,11,11,11,11,11,11,11,11,11,11,11,11,11,11,11,11,11,11,11,11,11,11,11,11,11,11,11,12
12,11,11,11,11,11,11,11,11,11,11,11,11,11,11,11,11,11,11,11,11,11,11,11,11,11,11,11,11,11,11,11,11,11,11,11,11,11,11,11,12
12,11,11,11,11,11,11,11,11,11,11,11,11,11,11,11,11,11,11,11,11,11,11,11,11,11,11,11,11,11,11,11,11,11,11,11,11,11,11,11,12
12,11,11,11,11,11,11,11,11,11,11,11,11,11,11,11,11,11,11,11,11,11,11,11,11,11,11,11,11,11,11,11,11,11,11,11,11,11,11,11,12
12,11,11,11,11,11,11,11,11,11,11,11,11,11,11,11,11,11,11,11,11,11,11,11,11,11,11,11,11,11,11,11,11,11,11,11,11,11,11,11,12
12,10,10,10,10,10,10,10,10,11,11,11,11,11,11,10,10,10,10,10,10,10,10,10,10,10,11,11,11,11,11,11,11,10,10,10,10,11,11,10,12
12,10,10,10,10,10,10,10,10,10,10,10,10,10,10,10,10,10,10,10,10,10,10,10,10,10,10,10,10,10,10,10,10,10,10,10,10,10,10,10,12
12,10,10,10,10,10,10,10,10,10,10,10,10,10,10,10,10,10,10,10,10,10,10,10,10,10,10,10,10,10,10,10,10,10,10,10,10,10,10,10,12
12,10,10,10,10,10,10,10,10,10,10,10,10,10,10,10,10,10,10,10,10,10,10,10,10,10,10,10,10,10,10,10,10,10,10,10,10,10,10,10,12
12,10,10,10,10,10,10,10,10,10,10,10,10,10,10,10,10,10,10,10,10,10,10,10,10,10,10,10,10,10,10,10,10,10,10,10,10,10,10,10,12
12,10,10,10,10,10,10,10,10,10,10,10,10,10,10,10,10,10,10,10,10,10,10,10,10,10,10,10,10,10,10,10,10,10,10,10,10,10,10,10,12
12,10,10,10,10,10,10,10,10,10,10,10,10,10,10,10,10,10,10,10,10,10,10,10,10,10,10,10,10,10,10,10,10,10,10,10,10,10,10,10,12
12,10,10,10,10,10,10,10,10,10,10,10,10,10,10,10,10,10,10,10,10,10,10,10,10,10,10,10,10,10,10,10,10,10,10,10,10,10,10,10,12
12,11,10,10,10,10,10,10,10,10,10,10,10,10,10,10,10,10,10,10,10,10,10,10,10,10,10,10,10,10,10,10,10,10,10,10,10,10,10,11,12
*MS_TOUCH_LOWPOWER_CX2_MAX,31,41,,,,,,,,,,,,,,,,,,,,,,,,,,,,,,,,,,,,,,
43,34,34,34,34,34,34,34,34,34,34,34,34,34,34,34,34,34,34,34,34,34,34,34,34,34,34,34,34,34,34,34,34,34,34,34,34,34,34,34,44
44,35,34,34,34,34,34,34,34,34,34,34,34,34,34,34,34,34,34,34,34,34,34,34,34,34,34,34,34,34,34,34,34,34,34,34,34,34,34,35,44
44,35,35,35,35,35,35,35,35,35,35,35,35,35,35,35,34,34,34,34,35,34,34,34,34,35,35,35,35,35,35,35,35,35,35,35,34,35,35,35,44
43,35,34,34,34,34,34,35,35,35,35,35,35,34,35,34,34,34,34,34,34,34,34,34,34,34,34,34,35,35,35,35,35,35,35,34,34,34,34,35,43
44,35,34,34,34,34,34,34,34,35,34,34,34,34,34,34,34,34,34,34,34,34,34,34,34,34,34,34,34,35,34,35,35,34,34,34,34,34,34,35,43
43,37,34,34,34,34,34,34,34,35,34,34,35,34,34,34,34,34,34,34,34,34,34,34,34,34,34,34,34,35,34,35,35,34,34,34,34,34,34,35,43
44,35,34,34,34,34,34,34,34,34,34,34,34,34,34,34,34,34,34,34,34,34,34,34,34,34,34,34,34,34,34,34,34,34,34,34,34,34,34,35,41
41,35,34,34,34,34,34,34,34,34,34,34,34,34,34,34,34,34,34,34,34,34,34,34,34,34,34,34,34,34,34,34,34,34,34,34,34,34,34,35,41
41,35,34,34,34,34,34,34,34,34,34,34,34,34,34,34,34,34,34,34,34,34,34,34,34,34,34,34,34,34,34,34,34,34,34,34,34,34,34,34,41
40,34,34,34,34,34,34,34,34,34,34,34,34,34,34,34,34,34,34,34,34,34,34,34,34,34,34,34,34,34,34,34,34,34,34,34,34,34,34,34,41
40,34,34,34,34,35,34,34,34,34,34,34,34,34,34,34,34,34,34,34,34,34,34,34,34,34,34,34,34,34,34,34,34,34,34,34,34,34,34,34,40
40,34,34,34,34,34,35,34,34,34,34,34,34,34,34,34,34,34,34,34,34,34,34,34,34,34,34,34,34,34,34,34,34,34,34,34,34,34,34,34,40
38,34,34,34,34,34,34,34,34,34,34,34,34,34,34,34,34,34,34,34,34,34,34,34,34,34,34,34,34,34,34,34,34,34,34,34,34,34,34,34,40
38,34,34,34,34,34,34,35,34,34,34,34,34,34,34,34,34,34,34,34,34,34,34,34,34,34,34,34,34,34,34,34,34,34,34,34,34,34,34,34,38
38,34,34,34,34,34,34,34,34,34,34,34,34,34,34,34,34,34,34,34,34,34,34,34,34,34,34,34,34,34,34,34,34,34,34,34,34,34,35,34,38
38,34,32,32,32,32,34,34,34,34,34,34,34,34,34,34,34,34,34,34,34,34,34,34,34,34,34,34,34,34,34,34,34,34,34,34,34,34,34,34,38
37,32,32,32,32,32,32,32,32,34,34,34,34,34,34,34,32,32,32,32,34,32,32,32,32,34,34,34,34,34,34,34,34,34,34,32,34,32,34,32,37
37,32,32,32,32,32,32,32,32,32,32,32,32,32,32,32,32,32,32,32,32,32,32,32,32,32,32,32,32,32,32,32,32,32,32,32,32,34,32,34,37
37,32,32,32,32,32,32,32,32,32,32,32,32,32,32,32,32,32,32,32,32,32,32,32,32,32,32,32,32,32,32,32,32,32,32,32,32,34,32,32,37
35,32,32,32,32,32,32,32,32,32,32,32,32,32,32,32,32,32,32,32,32,32,32,32,32,32,32,32,32,32,32,32,32,32,32,32,32,32,32,32,37
35,32,32,32,32,32,32,32,32,32,32,32,32,32,32,32,32,32,32,32,32,32,32,32,32,32,32,32,32,32,32,32,32,32,32,32,32,32,32,32,35
35,32,32,32,32,32,32,32,32,32,32,32,32,32,32,32,32,32,32,32,32,32,32,32,32,32,32,32,32,32,32,32,32,32,32,32,32,32,32,32,35
35,30,30,30,30,30,30,30,30,32,32,32,32,32,32,30,30,30,30,30,30,30,30,30,30,30,32,32,32,32,32,32,32,30,30,30,30,32,32,30,35
34,30,30,30,30,30,30,30,30,30,30,30,30,30,30,30,30,30,30,30,30,30,30,30,30,30,30,30,30,30,30,30,30,30,30,30,30,30,30,30,35
34,30,30,30,30,30,30,30,30,30,30,30,30,30,30,30,30,30,30,30,30,30,30,30,30,30,30,30,30,30,30,30,30,30,30,30,30,30,30,30,34
34,30,30,30,30,30,30,30,30,30,30,30,30,30,30,30,30,30,30,30,30,30,30,30,30,30,30,30,30,30,30,30,30,30,30,30,30,30,30,30,34
34,30,30,30,30,30,30,30,30,30,30,30,30,30,30,30,30,30,30,30,30,30,30,30,30,30,30,30,30,30,30,30,30,30,30,30,30,30,30,30,34
34,30,30,30,30,30,30,30,30,30,30,30,30,30,30,30,30,30,30,29,30,30,29,29,30,30,30,30,30,30,30,30,30,30,30,30,30,30,30,30,34
34,30,30,30,30,29,30,30,29,29,29,29,29,29,29,29,29,29,29,29,29,29,29,29,29,29,29,29,29,30,29,30,30,30,30,30,30,30,30,30,35
35,30,30,29,29,29,29,29,29,29,29,29,29,29,29,29,29,29,29,29,29,29,29,29,29,29,29,29,29,29,29,29,29,29,29,29,29,30,30,30,35
37,32,30,30,29,29,29,29,29,29,29,29,29,29,29,29,29,29,29,29,30,29,29,29,29,29,29,29,29,29,29,29,29,29,29,29,29,30,30,32,38
*MS_TOUCH_LOWPOWER_CX2_ADJ_HORIZONTAL,31,40,,,,,,,,,,,,,,,,,,,,,,,,,,,,,,,,,,,,,,
7,4,4,4,4,4,4,4,4,4,4,4,4,4,4,4,4,4,4,4,4,4,4,4,4,4,4,4,4,4,4,4,4,4,4,4,4,4,4,7,
7,4,4,4,4,4,4,4,4,4,4,4,4,4,4,4,4,4,4,4,4,4,4,4,4,4,4,4,4,4,4,4,4,4,4,4,4,4,4,7,
7,4,4,4,4,4,4,4,4,4,4,4,4,4,4,4,4,4,4,4,4,4,4,4,4,4,4,4,4,4,4,4,4,4,4,4,4,4,4,7,
7,4,4,4,4,4,4,4,4,4,4,4,4,4,4,4,4,4,4,4,4,4,4,4,4,4,4,4,4,4,4,4,4,4,4,4,4,4,4,7,
7,4,4,4,4,4,4,4,4,4,4,4,4,4,4,4,4,4,4,4,4,4,4,4,4,4,4,4,4,4,4,4,4,4,4,4,4,4,4,7,
7,4,4,4,4,4,4,4,4,4,4,4,4,4,4,4,4,4,4,4,4,4,4,4,4,4,4,4,4,4,4,4,4,4,4,4,4,4,4,7,
7,4,4,4,4,4,4,4,4,4,4,4,4,4,4,4,4,4,4,4,4,4,4,4,4,4,4,4,4,4,4,4,4,4,4,4,4,4,4,7,
7,4,4,4,4,4,4,4,4,4,4,4,4,4,4,4,4,4,4,4,4,4,4,4,4,4,4,4,4,4,4,4,4,4,4,4,4,4,4,7,
7,4,4,4,4,4,4,4,4,4,4,4,4,4,4,4,4,4,4,4,4,4,4,4,4,4,4,4,4,4,4,4,4,4,4,4,4,4,4,7,
7,4,4,4,4,4,4,4,4,4,4,4,4,4,4,4,4,4,4,4,4,4,4,4,4,4,4,4,4,4,4,4,4,4,4,4,4,4,4,7,
7,4,4,4,4,4,4,4,4,4,4,4,4,4,4,4,4,4,4,4,4,4,4,4,4,4,4,4,4,4,4,4,4,4,4,4,4,4,4,7,
7,4,4,4,4,4,4,4,4,4,4,4,4,4,4,4,4,4,4,4,4,4,4,4,4,4,4,4,4,4,4,4,4,4,4,4,4,4,4,7,
7,4,4,4,4,4,4,4,4,4,4,4,4,4,4,4,4,4,4,4,4,4,4,4,4,4,4,4,4,4,4,4,4,4,4,4,4,4,4,7,
7,4,4,4,4,4,4,4,4,4,4,4,4,4,4,4,4,4,4,4,4,4,4,4,4,4,4,4,4,4,4,4,4,4,4,4,4,4,4,7,
7,4,4,4,4,4,4,4,4,4,4,4,4,4,4,4,4,4,4,4,4,4,4,4,4,4,4,4,4,4,4,4,4,4,4,4,4,4,4,7,
7,4,4,4,4,4,4,4,4,4,4,4,4,4,4,4,4,4,4,4,4,4,4,4,4,4,4,4,4,4,4,4,4,4,4,4,4,4,4,7,
7,4,4,4,4,4,4,4,4,4,4,4,4,4,4,4,4,4,4,4,4,4,4,4,4,4,4,4,4,4,4,4,4,4,4,4,4,4,4,7,
7,4,4,4,4,4,4,4,4,4,4,4,4,4,4,4,4,4,4,4,4,4,4,4,4,4,4,4,4,4,4,4,4,4,4,4,4,4,4,7,
7,4,4,4,4,4,4,4,4,4,4,4,4,4,4,4,4,4,4,4,4,4,4,4,4,4,4,4,4,4,4,4,4,4,4,4,4,4,4,7,
7,4,4,4,4,4,4,4,4,4,4,4,4,4,4,4,4,4,4,4,4,4,4,4,4,4,4,4,4,4,4,4,4,4,4,4,4,4,4,7,
7,4,4,4,4,4,4,4,4,4,4,4,4,4,4,4,4,4,4,4,4,4,4,4,4,4,4,4,4,4,4,4,4,4,4,4,4,4,4,7,
7,4,4,4,4,4,4,4,4,4,4,4,4,4,4,4,4,4,4,4,4,4,4,4,4,4,4,4,4,4,4,4,4,4,4,4,4,4,4,7,
7,4,4,4,4,4,4,4,4,4,4,4,4,4,4,4,4,4,4,4,4,4,4,4,4,4,4,4,4,4,4,4,4,4,4,4,4,4,4,7,
7,4,4,4,4,4,4,4,4,4,4,4,4,4,4,4,4,4,4,4,4,4,4,4,4,4,4,4,4,4,4,4,4,4,4,4,4,4,4,7,
7,4,4,4,4,4,4,4,4,4,4,4,4,4,4,4,4,4,4,4,4,4,4,4,4,4,4,4,4,4,4,4,4,4,4,4,4,4,4,7,
7,4,4,4,4,4,4,4,4,4,4,4,4,4,4,4,4,4,4,4,4,4,4,4,4,4,4,4,4,4,4,4,4,4,4,4,4,4,4,7,
7,4,4,4,4,4,4,4,4,4,4,4,4,4,4,4,4,4,4,4,4,4,4,4,4,4,4,4,4,4,4,4,4,4,4,4,4,4,4,7,
7,4,4,4,4,4,4,4,4,4,4,4,4,4,4,4,4,4,4,4,4,4,4,4,4,4,4,4,4,4,4,4,4,4,4,4,4,4,4,7,
7,4,4,4,4,4,4,4,4,4,4,4,4,4,4,4,4,4,4,4,4,4,4,4,4,4,4,4,4,4,4,4,4,4,4,4,4,4,4,7,
7,4,4,4,4,4,4,4,4,4,4,4,4,4,4,4,4,4,4,4,4,4,4,4,4,4,4,4,4,4,4,4,4,4,4,4,4,4,4,7,
7,4,4,4,4,4,4,4,4,4,4,4,4,4,4,4,4,4,4,4,4,4,4,4,4,4,4,4,4,4,4,4,4,4,4,4,4,4,4,7,
*MS_TOUCH_LOWPOWER_CX2_ADJ_VERTICAL,30,41,,,,,,,,,,,,,,,,,,,,,,,,,,,,,,,,,,,,,,
7,4,4,4,4,4,4,4,4,4,4,4,4,4,4,4,4,4,4,4,4,4,4,4,4,4,4,4,4,4,4,4,4,4,4,4,4,4,4,4,7
4,4,4,4,4,4,4,4,4,4,4,4,4,4,4,4,4,4,4,4,4,4,4,4,4,4,4,4,4,4,4,4,4,4,4,4,4,4,4,4,4
4,4,4,4,4,4,4,4,4,4,4,4,4,4,4,4,4,4,4,4,4,4,4,4,4,4,4,4,4,4,4,4,4,4,4,4,4,4,4,4,4
4,4,4,4,4,4,4,4,4,4,4,4,4,4,4,4,4,4,4,4,4,4,4,4,4,4,4,4,4,4,4,4,4,4,4,4,4,4,4,4,4
4,4,4,4,4,4,4,4,4,4,4,4,4,4,4,4,4,4,4,4,4,4,4,4,4,4,4,4,4,4,4,4,4,4,4,4,4,4,4,4,4
4,4,4,4,4,4,4,4,4,4,4,4,4,4,4,4,4,4,4,4,4,4,4,4,4,4,4,4,4,4,4,4,4,4,4,4,4,4,4,4,4
4,4,4,4,4,4,4,4,4,4,4,4,4,4,4,4,4,4,4,4,4,4,4,4,4,4,4,4,4,4,4,4,4,4,4,4,4,4,4,4,4
4,4,4,4,4,4,4,4,4,4,4,4,4,4,4,4,4,4,4,4,4,4,4,4,4,4,4,4,4,4,4,4,4,4,4,4,4,4,4,4,4
4,4,4,4,4,4,4,4,4,4,4,4,4,4,4,4,4,4,4,4,4,4,4,4,4,4,4,4,4,4,4,4,4,4,4,4,4,4,4,4,4
4,4,4,4,4,4,4,4,4,4,4,4,4,4,4,4,4,4,4,4,4,4,4,4,4,4,4,4,4,4,4,4,4,4,4,4,4,4,4,4,4
4,4,4,4,4,4,4,4,4,4,4,4,4,4,4,4,4,4,4,4,4,4,4,4,4,4,4,4,4,4,4,4,4,4,4,4,4,4,4,4,4
4,4,4,4,4,4,4,4,4,4,4,4,4,4,4,4,4,4,4,4,4,4,4,4,4,4,4,4,4,4,4,4,4,4,4,4,4,4,4,4,4
4,4,4,4,4,4,4,4,4,4,4,4,4,4,4,4,4,4,4,4,4,4,4,4,4,4,4,4,4,4,4,4,4,4,4,4,4,4,4,4,4
4,4,4,4,4,4,4,4,4,4,4,4,4,4,4,4,4,4,4,4,4,4,4,4,4,4,4,4,4,4,4,4,4,4,4,4,4,4,4,4,4
4,4,4,4,4,4,4,4,4,4,4,4,4,4,4,4,4,4,4,4,4,4,4,4,4,4,4,4,4,4,4,4,4,4,4,4,4,4,4,4,4
4,4,4,4,4,4,4,4,4,4,4,4,4,4,4,4,4,4,4,4,4,4,4,4,4,4,4,4,4,4,4,4,4,4,4,4,4,4,4,4,4
4,4,4,4,4,4,4,4,4,4,4,4,4,4,4,4,4,4,4,4,4,4,4,4,4,4,4,4,4,4,4,4,4,4,4,4,4,4,4,4,4
4,4,4,4,4,4,4,4,4,4,4,4,4,4,4,4,4,4,4,4,4,4,4,4,4,4,4,4,4,4,4,4,4,4,4,4,4,4,4,4,4
4,4,4,4,4,4,4,4,4,4,4,4,4,4,4,4,4,4,4,4,4,4,4,4,4,4,4,4,4,4,4,4,4,4,4,4,4,4,4,4,4
4,4,4,4,4,4,4,4,4,4,4,4,4,4,4,4,4,4,4,4,4,4,4,4,4,4,4,4,4,4,4,4,4,4,4,4,4,4,4,4,4
4,4,4,4,4,4,4,4,4,4,4,4,4,4,4,4,4,4,4,4,4,4,4,4,4,4,4,4,4,4,4,4,4,4,4,4,4,4,4,4,4
4,4,4,4,4,4,4,4,4,4,4,4,4,4,4,4,4,4,4,4,4,4,4,4,4,4,4,4,4,4,4,4,4,4,4,4,4,4,4,4,4
4,4,4,4,4,4,4,4,4,4,4,4,4,4,4,4,4,4,4,4,4,4,4,4,4,4,4,4,4,4,4,4,4,4,4,4,4,4,4,4,4
4,4,4,4,4,4,4,4,4,4,4,4,4,4,4,4,4,4,4,4,4,4,4,4,4,4,4,4,4,4,4,4,4,4,4,4,4,4,4,4,4
4,4,4,4,4,4,4,4,4,4,4,4,4,4,4,4,4,4,4,4,4,4,4,4,4,4,4,4,4,4,4,4,4,4,4,4,4,4,4,4,4
4,4,4,4,4,4,4,4,4,4,4,4,4,4,4,4,4,4,4,4,4,4,4,4,4,4,4,4,4,4,4,4,4,4,4,4,4,4,4,4,4
4,4,4,4,4,4,4,4,4,4,4,4,4,4,4,4,4,4,4,4,4,4,4,4,4,4,4,4,4,4,4,4,4,4,4,4,4,4,4,4,4
4,4,4,4,4,4,4,4,4,4,4,4,4,4,4,4,4,4,4,4,4,4,4,4,4,4,4,4,4,4,4,4,4,4,4,4,4,4,4,4,4
4,4,4,4,4,4,4,4,4,4,4,4,4,4,4,4,4,4,4,4,4,4,4,4,4,4,4,4,4,4,4,4,4,4,4,4,4,4,4,4,4
7,7,7,7,7,7,7,7,7,7,7,7,7,7,7,7,7,7,7,7,7,7,7,7,7,7,7,7,7,7,7,7,7,7,7,7,7,7,7,7,7
*SS_RAW_DATA_FORCE_MIN_MAX,1,2,,,,,,,,,,,,,,,,,,,,,,,,,,,,,,,,,,,,,,
-13000,13000,,,,,,,,,,,,,,,,,,,,,,,,,,,,,,,,,,,,,,,
*SS_RAW_DATA_FORCE_EACH_MIN,31,1,,,,,,,,,,,,,,,,,,,,,,,,,,,,,,,,,,,,,,
-13000,,,,,,,,,,,,,,,,,,,,,,,,,,,,,,,,,,,,,,,,
-3000,,,,,,,,,,,,,,,,,,,,,,,,,,,,,,,,,,,,,,,,
-3000,,,,,,,,,,,,,,,,,,,,,,,,,,,,,,,,,,,,,,,,
-3000,,,,,,,,,,,,,,,,,,,,,,,,,,,,,,,,,,,,,,,,
-3000,,,,,,,,,,,,,,,,,,,,,,,,,,,,,,,,,,,,,,,,
-3000,,,,,,,,,,,,,,,,,,,,,,,,,,,,,,,,,,,,,,,,
-3000,,,,,,,,,,,,,,,,,,,,,,,,,,,,,,,,,,,,,,,,
-3000,,,,,,,,,,,,,,,,,,,,,,,,,,,,,,,,,,,,,,,,
-3000,,,,,,,,,,,,,,,,,,,,,,,,,,,,,,,,,,,,,,,,
-3000,,,,,,,,,,,,,,,,,,,,,,,,,,,,,,,,,,,,,,,,
-3000,,,,,,,,,,,,,,,,,,,,,,,,,,,,,,,,,,,,,,,,
-3000,,,,,,,,,,,,,,,,,,,,,,,,,,,,,,,,,,,,,,,,
-3000,,,,,,,,,,,,,,,,,,,,,,,,,,,,,,,,,,,,,,,,
-3000,,,,,,,,,,,,,,,,,,,,,,,,,,,,,,,,,,,,,,,,
-3000,,,,,,,,,,,,,,,,,,,,,,,,,,,,,,,,,,,,,,,,
-3000,,,,,,,,,,,,,,,,,,,,,,,,,,,,,,,,,,,,,,,,
-3000,,,,,,,,,,,,,,,,,,,,,,,,,,,,,,,,,,,,,,,,
-3000,,,,,,,,,,,,,,,,,,,,,,,,,,,,,,,,,,,,,,,,
-3000,,,,,,,,,,,,,,,,,,,,,,,,,,,,,,,,,,,,,,,,
-3000,,,,,,,,,,,,,,,,,,,,,,,,,,,,,,,,,,,,,,,,
-3000,,,,,,,,,,,,,,,,,,,,,,,,,,,,,,,,,,,,,,,,
-3000,,,,,,,,,,,,,,,,,,,,,,,,,,,,,,,,,,,,,,,,
-3000,,,,,,,,,,,,,,,,,,,,,,,,,,,,,,,,,,,,,,,,
-3000,,,,,,,,,,,,,,,,,,,,,,,,,,,,,,,,,,,,,,,,
-3000,,,,,,,,,,,,,,,,,,,,,,,,,,,,,,,,,,,,,,,,
-3000,,,,,,,,,,,,,,,,,,,,,,,,,,,,,,,,,,,,,,,,
-3000,,,,,,,,,,,,,,,,,,,,,,,,,,,,,,,,,,,,,,,,
-3000,,,,,,,,,,,,,,,,,,,,,,,,,,,,,,,,,,,,,,,,
-3000,,,,,,,,,,,,,,,,,,,,,,,,,,,,,,,,,,,,,,,,
-3000,,,,,,,,,,,,,,,,,,,,,,,,,,,,,,,,,,,,,,,,
-3000,,,,,,,,,,,,,,,,,,,,,,,,,,,,,,,,,,,,,,,,
*SS_RAW_DATA_FORCE_EACH_MAX,31,1,,,,,,,,,,,,,,,,,,,,,,,,,,,,,,,,,,,,,,
13000,,,,,,,,,,,,,,,,,,,,,,,,,,,,,,,,,,,,,,,,
3000,,,,,,,,,,,,,,,,,,,,,,,,,,,,,,,,,,,,,,,,
3000,,,,,,,,,,,,,,,,,,,,,,,,,,,,,,,,,,,,,,,,
3000,,,,,,,,,,,,,,,,,,,,,,,,,,,,,,,,,,,,,,,,
3000,,,,,,,,,,,,,,,,,,,,,,,,,,,,,,,,,,,,,,,,
3000,,,,,,,,,,,,,,,,,,,,,,,,,,,,,,,,,,,,,,,,
3000,,,,,,,,,,,,,,,,,,,,,,,,,,,,,,,,,,,,,,,,
3000,,,,,,,,,,,,,,,,,,,,,,,,,,,,,,,,,,,,,,,,
3000,,,,,,,,,,,,,,,,,,,,,,,,,,,,,,,,,,,,,,,,
3000,,,,,,,,,,,,,,,,,,,,,,,,,,,,,,,,,,,,,,,,
3000,,,,,,,,,,,,,,,,,,,,,,,,,,,,,,,,,,,,,,,,
3000,,,,,,,,,,,,,,,,,,,,,,,,,,,,,,,,,,,,,,,,
3000,,,,,,,,,,,,,,,,,,,,,,,,,,,,,,,,,,,,,,,,
3000,,,,,,,,,,,,,,,,,,,,,,,,,,,,,,,,,,,,,,,,
3000,,,,,,,,,,,,,,,,,,,,,,,,,,,,,,,,,,,,,,,,
3000,,,,,,,,,,,,,,,,,,,,,,,,,,,,,,,,,,,,,,,,
3000,,,,,,,,,,,,,,,,,,,,,,,,,,,,,,,,,,,,,,,,
3000,,,,,,,,,,,,,,,,,,,,,,,,,,,,,,,,,,,,,,,,
3000,,,,,,,,,,,,,,,,,,,,,,,,,,,,,,,,,,,,,,,,
3000,,,,,,,,,,,,,,,,,,,,,,,,,,,,,,,,,,,,,,,,
3000,,,,,,,,,,,,,,,,,,,,,,,,,,,,,,,,,,,,,,,,
3000,,,,,,,,,,,,,,,,,,,,,,,,,,,,,,,,,,,,,,,,
3000,,,,,,,,,,,,,,,,,,,,,,,,,,,,,,,,,,,,,,,,
3000,,,,,,,,,,,,,,,,,,,,,,,,,,,,,,,,,,,,,,,,
3000,,,,,,,,,,,,,,,,,,,,,,,,,,,,,,,,,,,,,,,,
3000,,,,,,,,,,,,,,,,,,,,,,,,,,,,,,,,,,,,,,,,
3000,,,,,,,,,,,,,,,,,,,,,,,,,,,,,,,,,,,,,,,,
3000,,,,,,,,,,,,,,,,,,,,,,,,,,,,,,,,,,,,,,,,
3000,,,,,,,,,,,,,,,,,,,,,,,,,,,,,,,,,,,,,,,,
3000,,,,,,,,,,,,,,,,,,,,,,,,,,,,,,,,,,,,,,,,
3000,,,,,,,,,,,,,,,,,,,,,,,,,,,,,,,,,,,,,,,,
*SS_TOUCH_ACTIVE_TOTAL_IX_FORCE_MIN,31,1,,,,,,,,,,,,,,,,,,,,,,,,,,,,,,,,,,,,,,
355,,,,,,,,,,,,,,,,,,,,,,,,,,,,,,,,,,,,,,,,
358,,,,,,,,,,,,,,,,,,,,,,,,,,,,,,,,,,,,,,,,
354,,,,,,,,,,,,,,,,,,,,,,,,,,,,,,,,,,,,,,,,
350,,,,,,,,,,,,,,,,,,,,,,,,,,,,,,,,,,,,,,,,
347,,,,,,,,,,,,,,,,,,,,,,,,,,,,,,,,,,,,,,,,
345,,,,,,,,,,,,,,,,,,,,,,,,,,,,,,,,,,,,,,,,
344,,,,,,,,,,,,,,,,,,,,,,,,,,,,,,,,,,,,,,,,
343,,,,,,,,,,,,,,,,,,,,,,,,,,,,,,,,,,,,,,,,
341,,,,,,,,,,,,,,,,,,,,,,,,,,,,,,,,,,,,,,,,
338,,,,,,,,,,,,,,,,,,,,,,,,,,,,,,,,,,,,,,,,
337,,,,,,,,,,,,,,,,,,,,,,,,,,,,,,,,,,,,,,,,
336,,,,,,,,,,,,,,,,,,,,,,,,,,,,,,,,,,,,,,,,
335,,,,,,,,,,,,,,,,,,,,,,,,,,,,,,,,,,,,,,,,
335,,,,,,,,,,,,,,,,,,,,,,,,,,,,,,,,,,,,,,,,
334,,,,,,,,,,,,,,,,,,,,,,,,,,,,,,,,,,,,,,,,
334,,,,,,,,,,,,,,,,,,,,,,,,,,,,,,,,,,,,,,,,
334,,,,,,,,,,,,,,,,,,,,,,,,,,,,,,,,,,,,,,,,
334,,,,,,,,,,,,,,,,,,,,,,,,,,,,,,,,,,,,,,,,
334,,,,,,,,,,,,,,,,,,,,,,,,,,,,,,,,,,,,,,,,
334,,,,,,,,,,,,,,,,,,,,,,,,,,,,,,,,,,,,,,,,
334,,,,,,,,,,,,,,,,,,,,,,,,,,,,,,,,,,,,,,,,
335,,,,,,,,,,,,,,,,,,,,,,,,,,,,,,,,,,,,,,,,
336,,,,,,,,,,,,,,,,,,,,,,,,,,,,,,,,,,,,,,,,
335,,,,,,,,,,,,,,,,,,,,,,,,,,,,,,,,,,,,,,,,
336,,,,,,,,,,,,,,,,,,,,,,,,,,,,,,,,,,,,,,,,
336,,,,,,,,,,,,,,,,,,,,,,,,,,,,,,,,,,,,,,,,
335,,,,,,,,,,,,,,,,,,,,,,,,,,,,,,,,,,,,,,,,
336,,,,,,,,,,,,,,,,,,,,,,,,,,,,,,,,,,,,,,,,
337,,,,,,,,,,,,,,,,,,,,,,,,,,,,,,,,,,,,,,,,
337,,,,,,,,,,,,,,,,,,,,,,,,,,,,,,,,,,,,,,,,
334,,,,,,,,,,,,,,,,,,,,,,,,,,,,,,,,,,,,,,,,
*SS_TOUCH_ACTIVE_TOTAL_IX_FORCE_MAX,31,1,,,,,,,,,,,,,,,,,,,,,,,,,,,,,,,,,,,,,,
737,,,,,,,,,,,,,,,,,,,,,,,,,,,,,,,,,,,,,,,,
743,,,,,,,,,,,,,,,,,,,,,,,,,,,,,,,,,,,,,,,,
734,,,,,,,,,,,,,,,,,,,,,,,,,,,,,,,,,,,,,,,,
727,,,,,,,,,,,,,,,,,,,,,,,,,,,,,,,,,,,,,,,,
721,,,,,,,,,,,,,,,,,,,,,,,,,,,,,,,,,,,,,,,,
718,,,,,,,,,,,,,,,,,,,,,,,,,,,,,,,,,,,,,,,,
714,,,,,,,,,,,,,,,,,,,,,,,,,,,,,,,,,,,,,,,,
711,,,,,,,,,,,,,,,,,,,,,,,,,,,,,,,,,,,,,,,,
707,,,,,,,,,,,,,,,,,,,,,,,,,,,,,,,,,,,,,,,,
703,,,,,,,,,,,,,,,,,,,,,,,,,,,,,,,,,,,,,,,,
700,,,,,,,,,,,,,,,,,,,,,,,,,,,,,,,,,,,,,,,,
699,,,,,,,,,,,,,,,,,,,,,,,,,,,,,,,,,,,,,,,,
696,,,,,,,,,,,,,,,,,,,,,,,,,,,,,,,,,,,,,,,,
696,,,,,,,,,,,,,,,,,,,,,,,,,,,,,,,,,,,,,,,,
695,,,,,,,,,,,,,,,,,,,,,,,,,,,,,,,,,,,,,,,,
695,,,,,,,,,,,,,,,,,,,,,,,,,,,,,,,,,,,,,,,,
695,,,,,,,,,,,,,,,,,,,,,,,,,,,,,,,,,,,,,,,,
695,,,,,,,,,,,,,,,,,,,,,,,,,,,,,,,,,,,,,,,,
694,,,,,,,,,,,,,,,,,,,,,,,,,,,,,,,,,,,,,,,,
694,,,,,,,,,,,,,,,,,,,,,,,,,,,,,,,,,,,,,,,,
694,,,,,,,,,,,,,,,,,,,,,,,,,,,,,,,,,,,,,,,,
697,,,,,,,,,,,,,,,,,,,,,,,,,,,,,,,,,,,,,,,,
698,,,,,,,,,,,,,,,,,,,,,,,,,,,,,,,,,,,,,,,,
696,,,,,,,,,,,,,,,,,,,,,,,,,,,,,,,,,,,,,,,,
698,,,,,,,,,,,,,,,,,,,,,,,,,,,,,,,,,,,,,,,,
698,,,,,,,,,,,,,,,,,,,,,,,,,,,,,,,,,,,,,,,,
697,,,,,,,,,,,,,,,,,,,,,,,,,,,,,,,,,,,,,,,,
699,,,,,,,,,,,,,,,,,,,,,,,,,,,,,,,,,,,,,,,,
700,,,,,,,,,,,,,,,,,,,,,,,,,,,,,,,,,,,,,,,,
700,,,,,,,,,,,,,,,,,,,,,,,,,,,,,,,,,,,,,,,,
694,,,,,,,,,,,,,,,,,,,,,,,,,,,,,,,,,,,,,,,,
*SS_RAW_DATA_SENSE_MIN_MAX,1,2,,,,,,,,,,,,,,,,,,,,,,,,,,,,,,,,,,,,,,
-13000,13000,,,,,,,,,,,,,,,,,,,,,,,,,,,,,,,,,,,,,,,
*SS_RAW_DATA_SENSE_EACH_MIN,1,41,,,,,,,,,,,,,,,,,,,,,,,,,,,,,,,,,,,,,,
-13000,-3000,-3000,-3000,-3000,-3000,-3000,-3000,-3000,-3000,-3000,-3000,-3000,-3000,-3000,-3000,-3000,-3000,-3000,-3000,-3000,-3000,-3000,-3000,-3000,-3000,-3000,-3000,-3000,-3000,-3000,-3000,-3000,-3000,-3000,-3000,-3000,-3000,-3000,-3000,-3000
*SS_RAW_DATA_SENSE_EACH_MAX,1,41,,,,,,,,,,,,,,,,,,,,,,,,,,,,,,,,,,,,,,
13000,3000,3000,3000,3000,3000,3000,3000,3000,3000,3000,3000,3000,3000,3000,3000,3000,3000,3000,3000,3000,3000,3000,3000,3000,3000,3000,3000,3000,3000,3000,3000,3000,3000,3000,3000,3000,3000,3000,3000,3000
*SS_TOUCH_ACTIVE_TOTAL_IX_SENSE_MIN,1,41,,,,,,,,,,,,,,,,,,,,,,,,,,,,,,,,,,,,,,
293,267,267,267,267,267,267,267,266,266,265,266,265,267,267,266,267,266,267,267,262,261,261,262,262,261,260,261,262,262,261,260,260,260,261,260,260,259,258,258,278
*SS_TOUCH_ACTIVE_TOTAL_IX_SENSE_MAX,1,41,,,,,,,,,,,,,,,,,,,,,,,,,,,,,,,,,,,,,,
608,554,555,556,556,556,554,554,553,551,550,551,551,555,555,552,554,553,554,554,544,541,543,544,543,541,540,541,543,543,542,541,541,540,541,541,540,537,536,536,576
